Year,Fuel,Vehicle_Category,Vehicles_Registered
2006,CNG ONLY,2WIC,0
2006,CNG ONLY,2WN,0
2006,CNG ONLY,2WT,0
2006,CNG ONLY,3WIC,0
2006,CNG ONLY,3WN,0
2006,CNG ONLY,3WT,0
2006,CNG ONLY,4WIC,0
2006,CNG ONLY,HGV,0
2006,CNG ONLY,HMV,0
2006,CNG ONLY,HPV,0
2006,CNG ONLY,LGV,0
2006,CNG ONLY,LMV,1
2006,CNG ONLY,LPV,0
2006,CNG ONLY,MGV,0
2006,CNG ONLY,MMV,0
2006,CNG ONLY,MPV,0
2006,CNG ONLY,OTH,0
2006,DIESEL,2WIC,0
2006,DIESEL,2WN,1301
2006,DIESEL,2WT,0
2006,DIESEL,3WIC,0
2006,DIESEL,3WN,122
2006,DIESEL,3WT,9463
2006,DIESEL,4WIC,0
2006,DIESEL,HGV,12116
2006,DIESEL,HMV,789
2006,DIESEL,HPV,4143
2006,DIESEL,LGV,27582
2006,DIESEL,LMV,37010
2006,DIESEL,LPV,8094
2006,DIESEL,MGV,4652
2006,DIESEL,MMV,515
2006,DIESEL,MPV,593
2006,DIESEL,OTH,1322
2006,DIESEL/HYBRID,2WIC,0
2006,DIESEL/HYBRID,2WN,0
2006,DIESEL/HYBRID,2WT,0
2006,DIESEL/HYBRID,3WIC,0
2006,DIESEL/HYBRID,3WN,0
2006,DIESEL/HYBRID,3WT,0
2006,DIESEL/HYBRID,4WIC,0
2006,DIESEL/HYBRID,HGV,0
2006,DIESEL/HYBRID,HMV,0
2006,DIESEL/HYBRID,HPV,0
2006,DIESEL/HYBRID,LGV,0
2006,DIESEL/HYBRID,LMV,1
2006,DIESEL/HYBRID,LPV,1
2006,DIESEL/HYBRID,MGV,0
2006,DIESEL/HYBRID,MMV,0
2006,DIESEL/HYBRID,MPV,0
2006,DIESEL/HYBRID,OTH,0
2006,ELECTRIC(BOV),2WIC,0
2006,ELECTRIC(BOV),2WN,161
2006,ELECTRIC(BOV),2WT,0
2006,ELECTRIC(BOV),3WIC,0
2006,ELECTRIC(BOV),3WN,0
2006,ELECTRIC(BOV),3WT,7
2006,ELECTRIC(BOV),4WIC,0
2006,ELECTRIC(BOV),HGV,0
2006,ELECTRIC(BOV),HMV,6
2006,ELECTRIC(BOV),HPV,0
2006,ELECTRIC(BOV),LGV,50
2006,ELECTRIC(BOV),LMV,68
2006,ELECTRIC(BOV),LPV,2
2006,ELECTRIC(BOV),MGV,1
2006,ELECTRIC(BOV),MMV,0
2006,ELECTRIC(BOV),MPV,0
2006,ELECTRIC(BOV),OTH,3
2006,ETHANOL,2WIC,0
2006,ETHANOL,2WN,0
2006,ETHANOL,2WT,0
2006,ETHANOL,3WIC,0
2006,ETHANOL,3WN,0
2006,ETHANOL,3WT,0
2006,ETHANOL,4WIC,0
2006,ETHANOL,HGV,0
2006,ETHANOL,HMV,0
2006,ETHANOL,HPV,0
2006,ETHANOL,LGV,0
2006,ETHANOL,LMV,1
2006,ETHANOL,LPV,0
2006,ETHANOL,MGV,0
2006,ETHANOL,MMV,0
2006,ETHANOL,MPV,0
2006,ETHANOL,OTH,0
2006,LPG ONLY,2WIC,0
2006,LPG ONLY,2WN,26
2006,LPG ONLY,2WT,0
2006,LPG ONLY,3WIC,0
2006,LPG ONLY,3WN,2
2006,LPG ONLY,3WT,39
2006,LPG ONLY,4WIC,0
2006,LPG ONLY,HGV,0
2006,LPG ONLY,HMV,3
2006,LPG ONLY,HPV,0
2006,LPG ONLY,LGV,19
2006,LPG ONLY,LMV,107
2006,LPG ONLY,LPV,21
2006,LPG ONLY,MGV,0
2006,LPG ONLY,MMV,0
2006,LPG ONLY,MPV,0
2006,LPG ONLY,OTH,0
2006,NOT APPLICABLE,2WIC,0
2006,NOT APPLICABLE,2WN,355
2006,NOT APPLICABLE,2WT,0
2006,NOT APPLICABLE,3WIC,0
2006,NOT APPLICABLE,3WN,0
2006,NOT APPLICABLE,3WT,6
2006,NOT APPLICABLE,4WIC,0
2006,NOT APPLICABLE,HGV,19
2006,NOT APPLICABLE,HMV,211
2006,NOT APPLICABLE,HPV,1
2006,NOT APPLICABLE,LGV,467
2006,NOT APPLICABLE,LMV,1016
2006,NOT APPLICABLE,LPV,14
2006,NOT APPLICABLE,MGV,25
2006,NOT APPLICABLE,MMV,36
2006,NOT APPLICABLE,MPV,4
2006,NOT APPLICABLE,OTH,45
2006,PETROL,2WIC,22
2006,PETROL,2WN,348559
2006,PETROL,2WT,2
2006,PETROL,3WIC,0
2006,PETROL,3WN,207
2006,PETROL,3WT,5366
2006,PETROL,4WIC,7
2006,PETROL,HGV,53
2006,PETROL,HMV,7
2006,PETROL,HPV,18
2006,PETROL,LGV,1146
2006,PETROL,LMV,35554
2006,PETROL,LPV,990
2006,PETROL,MGV,30
2006,PETROL,MMV,15
2006,PETROL,MPV,2
2006,PETROL,OTH,24
2006,PETROL/CNG,2WIC,0
2006,PETROL/CNG,2WN,0
2006,PETROL/CNG,2WT,0
2006,PETROL/CNG,3WIC,0
2006,PETROL/CNG,3WN,0
2006,PETROL/CNG,3WT,0
2006,PETROL/CNG,4WIC,0
2006,PETROL/CNG,HGV,0
2006,PETROL/CNG,HMV,0
2006,PETROL/CNG,HPV,0
2006,PETROL/CNG,LGV,0
2006,PETROL/CNG,LMV,26
2006,PETROL/CNG,LPV,0
2006,PETROL/CNG,MGV,0
2006,PETROL/CNG,MMV,0
2006,PETROL/CNG,MPV,0
2006,PETROL/CNG,OTH,0
2006,PETROL/ETHANOL,2WIC,0
2006,PETROL/ETHANOL,2WN,1
2006,PETROL/ETHANOL,2WT,0
2006,PETROL/ETHANOL,3WIC,0
2006,PETROL/ETHANOL,3WN,0
2006,PETROL/ETHANOL,3WT,0
2006,PETROL/ETHANOL,4WIC,0
2006,PETROL/ETHANOL,HGV,0
2006,PETROL/ETHANOL,HMV,0
2006,PETROL/ETHANOL,HPV,0
2006,PETROL/ETHANOL,LGV,0
2006,PETROL/ETHANOL,LMV,0
2006,PETROL/ETHANOL,LPV,0
2006,PETROL/ETHANOL,MGV,0
2006,PETROL/ETHANOL,MMV,0
2006,PETROL/ETHANOL,MPV,0
2006,PETROL/ETHANOL,OTH,0
2006,PETROL/LPG,2WIC,0
2006,PETROL/LPG,2WN,261
2006,PETROL/LPG,2WT,0
2006,PETROL/LPG,3WIC,0
2006,PETROL/LPG,3WN,33
2006,PETROL/LPG,3WT,1121
2006,PETROL/LPG,4WIC,0
2006,PETROL/LPG,HGV,1
2006,PETROL/LPG,HMV,0
2006,PETROL/LPG,HPV,0
2006,PETROL/LPG,LGV,237
2006,PETROL/LPG,LMV,5796
2006,PETROL/LPG,LPV,671
2006,PETROL/LPG,MGV,0
2006,PETROL/LPG,MMV,0
2006,PETROL/LPG,MPV,0
2006,PETROL/LPG,OTH,0
2006,PURE EV,2WIC,0
2006,PURE EV,2WN,1
2006,PURE EV,2WT,0
2006,PURE EV,3WIC,0
2006,PURE EV,3WN,0
2006,PURE EV,3WT,0
2006,PURE EV,4WIC,0
2006,PURE EV,HGV,0
2006,PURE EV,HMV,0
2006,PURE EV,HPV,0
2006,PURE EV,LGV,0
2006,PURE EV,LMV,0
2006,PURE EV,LPV,0
2006,PURE EV,MGV,0
2006,PURE EV,MMV,0
2006,PURE EV,MPV,0
2006,PURE EV,OTH,0
2007,CNG ONLY,2WIC,0
2007,CNG ONLY,2WN,0
2007,CNG ONLY,2WT,0
2007,CNG ONLY,3WIC,0
2007,CNG ONLY,3WN,0
2007,CNG ONLY,3WT,0
2007,CNG ONLY,4WIC,0
2007,CNG ONLY,HGV,0
2007,CNG ONLY,HMV,1
2007,CNG ONLY,HPV,1
2007,CNG ONLY,LGV,0
2007,CNG ONLY,LMV,0
2007,CNG ONLY,LPV,0
2007,CNG ONLY,MGV,0
2007,CNG ONLY,MMV,0
2007,CNG ONLY,MPV,0
2007,CNG ONLY,OTH,0
2007,DIESEL,2WIC,0
2007,DIESEL,2WN,1435
2007,DIESEL,2WT,0
2007,DIESEL,3WIC,0
2007,DIESEL,3WN,114
2007,DIESEL,3WT,10868
2007,DIESEL,4WIC,3
2007,DIESEL,HGV,17599
2007,DIESEL,HMV,1100
2007,DIESEL,HPV,4092
2007,DIESEL,LGV,35218
2007,DIESEL,LMV,49851
2007,DIESEL,LPV,11686
2007,DIESEL,MGV,5070
2007,DIESEL,MMV,635
2007,DIESEL,MPV,756
2007,DIESEL,OTH,1906
2007,ELECTRIC(BOV),2WIC,0
2007,ELECTRIC(BOV),2WN,167
2007,ELECTRIC(BOV),2WT,0
2007,ELECTRIC(BOV),3WIC,0
2007,ELECTRIC(BOV),3WN,1
2007,ELECTRIC(BOV),3WT,6
2007,ELECTRIC(BOV),4WIC,0
2007,ELECTRIC(BOV),HGV,1
2007,ELECTRIC(BOV),HMV,20
2007,ELECTRIC(BOV),HPV,1
2007,ELECTRIC(BOV),LGV,59
2007,ELECTRIC(BOV),LMV,78
2007,ELECTRIC(BOV),LPV,7
2007,ELECTRIC(BOV),MGV,1
2007,ELECTRIC(BOV),MMV,1
2007,ELECTRIC(BOV),MPV,0
2007,ELECTRIC(BOV),OTH,1
2007,FUEL CELL HYDROGEN,2WIC,0
2007,FUEL CELL HYDROGEN,2WN,1
2007,FUEL CELL HYDROGEN,2WT,0
2007,FUEL CELL HYDROGEN,3WIC,0
2007,FUEL CELL HYDROGEN,3WN,0
2007,FUEL CELL HYDROGEN,3WT,0
2007,FUEL CELL HYDROGEN,4WIC,0
2007,FUEL CELL HYDROGEN,HGV,0
2007,FUEL CELL HYDROGEN,HMV,0
2007,FUEL CELL HYDROGEN,HPV,0
2007,FUEL CELL HYDROGEN,LGV,0
2007,FUEL CELL HYDROGEN,LMV,0
2007,FUEL CELL HYDROGEN,LPV,0
2007,FUEL CELL HYDROGEN,MGV,0
2007,FUEL CELL HYDROGEN,MMV,0
2007,FUEL CELL HYDROGEN,MPV,0
2007,FUEL CELL HYDROGEN,OTH,0
2007,LPG ONLY,2WIC,0
2007,LPG ONLY,2WN,15
2007,LPG ONLY,2WT,0
2007,LPG ONLY,3WIC,0
2007,LPG ONLY,3WN,3
2007,LPG ONLY,3WT,26
2007,LPG ONLY,4WIC,0
2007,LPG ONLY,HGV,1
2007,LPG ONLY,HMV,3
2007,LPG ONLY,HPV,0
2007,LPG ONLY,LGV,18
2007,LPG ONLY,LMV,127
2007,LPG ONLY,LPV,29
2007,LPG ONLY,MGV,0
2007,LPG ONLY,MMV,0
2007,LPG ONLY,MPV,0
2007,LPG ONLY,OTH,1
2007,NOT APPLICABLE,2WIC,0
2007,NOT APPLICABLE,2WN,300
2007,NOT APPLICABLE,2WT,0
2007,NOT APPLICABLE,3WIC,0
2007,NOT APPLICABLE,3WN,2
2007,NOT APPLICABLE,3WT,7
2007,NOT APPLICABLE,4WIC,0
2007,NOT APPLICABLE,HGV,22
2007,NOT APPLICABLE,HMV,804
2007,NOT APPLICABLE,HPV,0
2007,NOT APPLICABLE,LGV,441
2007,NOT APPLICABLE,LMV,2365
2007,NOT APPLICABLE,LPV,12
2007,NOT APPLICABLE,MGV,9
2007,NOT APPLICABLE,MMV,81
2007,NOT APPLICABLE,MPV,1
2007,NOT APPLICABLE,OTH,131
2007,PETROL,2WIC,28
2007,PETROL,2WN,576951
2007,PETROL,2WT,0
2007,PETROL,3WIC,0
2007,PETROL,3WN,267
2007,PETROL,3WT,4872
2007,PETROL,4WIC,9
2007,PETROL,HGV,44
2007,PETROL,HMV,40
2007,PETROL,HPV,25
2007,PETROL,LGV,861
2007,PETROL,LMV,44497
2007,PETROL,LPV,1184
2007,PETROL,MGV,34
2007,PETROL,MMV,12
2007,PETROL,MPV,3
2007,PETROL,OTH,29
2007,PETROL/CNG,2WIC,0
2007,PETROL/CNG,2WN,1
2007,PETROL/CNG,2WT,0
2007,PETROL/CNG,3WIC,0
2007,PETROL/CNG,3WN,0
2007,PETROL/CNG,3WT,0
2007,PETROL/CNG,4WIC,0
2007,PETROL/CNG,HGV,0
2007,PETROL/CNG,HMV,0
2007,PETROL/CNG,HPV,0
2007,PETROL/CNG,LGV,0
2007,PETROL/CNG,LMV,22
2007,PETROL/CNG,LPV,0
2007,PETROL/CNG,MGV,0
2007,PETROL/CNG,MMV,0
2007,PETROL/CNG,MPV,0
2007,PETROL/CNG,OTH,0
2007,PETROL/ETHANOL,2WIC,0
2007,PETROL/ETHANOL,2WN,1
2007,PETROL/ETHANOL,2WT,0
2007,PETROL/ETHANOL,3WIC,0
2007,PETROL/ETHANOL,3WN,0
2007,PETROL/ETHANOL,3WT,0
2007,PETROL/ETHANOL,4WIC,0
2007,PETROL/ETHANOL,HGV,0
2007,PETROL/ETHANOL,HMV,0
2007,PETROL/ETHANOL,HPV,0
2007,PETROL/ETHANOL,LGV,0
2007,PETROL/ETHANOL,LMV,1
2007,PETROL/ETHANOL,LPV,0
2007,PETROL/ETHANOL,MGV,0
2007,PETROL/ETHANOL,MMV,0
2007,PETROL/ETHANOL,MPV,0
2007,PETROL/ETHANOL,OTH,0
2007,PETROL/HYBRID,2WIC,0
2007,PETROL/HYBRID,2WN,0
2007,PETROL/HYBRID,2WT,0
2007,PETROL/HYBRID,3WIC,0
2007,PETROL/HYBRID,3WN,0
2007,PETROL/HYBRID,3WT,0
2007,PETROL/HYBRID,4WIC,0
2007,PETROL/HYBRID,HGV,0
2007,PETROL/HYBRID,HMV,0
2007,PETROL/HYBRID,HPV,0
2007,PETROL/HYBRID,LGV,0
2007,PETROL/HYBRID,LMV,1
2007,PETROL/HYBRID,LPV,0
2007,PETROL/HYBRID,MGV,0
2007,PETROL/HYBRID,MMV,0
2007,PETROL/HYBRID,MPV,0
2007,PETROL/HYBRID,OTH,0
2007,PETROL/LPG,2WIC,0
2007,PETROL/LPG,2WN,299
2007,PETROL/LPG,2WT,0
2007,PETROL/LPG,3WIC,0
2007,PETROL/LPG,3WN,31
2007,PETROL/LPG,3WT,845
2007,PETROL/LPG,4WIC,0
2007,PETROL/LPG,HGV,1
2007,PETROL/LPG,HMV,3
2007,PETROL/LPG,HPV,1
2007,PETROL/LPG,LGV,205
2007,PETROL/LPG,LMV,8186
2007,PETROL/LPG,LPV,1060
2007,PETROL/LPG,MGV,2
2007,PETROL/LPG,MMV,0
2007,PETROL/LPG,MPV,0
2007,PETROL/LPG,OTH,2
2008,CNG ONLY,2WIC,0
2008,CNG ONLY,2WN,0
2008,CNG ONLY,2WT,0
2008,CNG ONLY,3WIC,0
2008,CNG ONLY,3WN,0
2008,CNG ONLY,3WT,0
2008,CNG ONLY,4WIC,0
2008,CNG ONLY,HGV,0
2008,CNG ONLY,HMV,0
2008,CNG ONLY,HPV,1
2008,CNG ONLY,LGV,0
2008,CNG ONLY,LMV,1
2008,CNG ONLY,LPV,0
2008,CNG ONLY,MGV,0
2008,CNG ONLY,MMV,0
2008,CNG ONLY,MPV,0
2008,CNG ONLY,OTH,0
2008,DIESEL,2WIC,0
2008,DIESEL,2WN,1862
2008,DIESEL,2WT,0
2008,DIESEL,3WIC,0
2008,DIESEL,3WN,129
2008,DIESEL,3WT,9660
2008,DIESEL,4WIC,0
2008,DIESEL,HGV,18448
2008,DIESEL,HMV,910
2008,DIESEL,HPV,6592
2008,DIESEL,LGV,37723
2008,DIESEL,LMV,64396
2008,DIESEL,LPV,15729
2008,DIESEL,MGV,5284
2008,DIESEL,MMV,958
2008,DIESEL,MPV,901
2008,DIESEL,OTH,3017
2008,ELECTRIC(BOV),2WIC,0
2008,ELECTRIC(BOV),2WN,134
2008,ELECTRIC(BOV),2WT,0
2008,ELECTRIC(BOV),3WIC,0
2008,ELECTRIC(BOV),3WN,0
2008,ELECTRIC(BOV),3WT,5
2008,ELECTRIC(BOV),4WIC,0
2008,ELECTRIC(BOV),HGV,1
2008,ELECTRIC(BOV),HMV,20
2008,ELECTRIC(BOV),HPV,3
2008,ELECTRIC(BOV),LGV,30
2008,ELECTRIC(BOV),LMV,105
2008,ELECTRIC(BOV),LPV,1
2008,ELECTRIC(BOV),MGV,0
2008,ELECTRIC(BOV),MMV,1
2008,ELECTRIC(BOV),MPV,0
2008,ELECTRIC(BOV),OTH,4
2008,LPG ONLY,2WIC,0
2008,LPG ONLY,2WN,24
2008,LPG ONLY,2WT,0
2008,LPG ONLY,3WIC,0
2008,LPG ONLY,3WN,12
2008,LPG ONLY,3WT,244
2008,LPG ONLY,4WIC,0
2008,LPG ONLY,HGV,0
2008,LPG ONLY,HMV,3
2008,LPG ONLY,HPV,0
2008,LPG ONLY,LGV,8
2008,LPG ONLY,LMV,98
2008,LPG ONLY,LPV,18
2008,LPG ONLY,MGV,0
2008,LPG ONLY,MMV,0
2008,LPG ONLY,MPV,0
2008,LPG ONLY,OTH,1
2008,NOT APPLICABLE,2WIC,0
2008,NOT APPLICABLE,2WN,1549
2008,NOT APPLICABLE,2WT,0
2008,NOT APPLICABLE,3WIC,0
2008,NOT APPLICABLE,3WN,4
2008,NOT APPLICABLE,3WT,7
2008,NOT APPLICABLE,4WIC,0
2008,NOT APPLICABLE,HGV,21
2008,NOT APPLICABLE,HMV,538
2008,NOT APPLICABLE,HPV,3
2008,NOT APPLICABLE,LGV,388
2008,NOT APPLICABLE,LMV,3479
2008,NOT APPLICABLE,LPV,24
2008,NOT APPLICABLE,MGV,8
2008,NOT APPLICABLE,MMV,55
2008,NOT APPLICABLE,MPV,3
2008,NOT APPLICABLE,OTH,86
2008,PETROL,2WIC,78
2008,PETROL,2WN,815636
2008,PETROL,2WT,1
2008,PETROL,3WIC,0
2008,PETROL,3WN,180
2008,PETROL,3WT,4153
2008,PETROL,4WIC,6
2008,PETROL,HGV,29
2008,PETROL,HMV,32
2008,PETROL,HPV,2
2008,PETROL,LGV,548
2008,PETROL,LMV,57913
2008,PETROL,LPV,1205
2008,PETROL,MGV,14
2008,PETROL,MMV,0
2008,PETROL,MPV,1
2008,PETROL,OTH,39
2008,PETROL/CNG,2WIC,0
2008,PETROL/CNG,2WN,0
2008,PETROL/CNG,2WT,0
2008,PETROL/CNG,3WIC,0
2008,PETROL/CNG,3WN,0
2008,PETROL/CNG,3WT,0
2008,PETROL/CNG,4WIC,0
2008,PETROL/CNG,HGV,0
2008,PETROL/CNG,HMV,0
2008,PETROL/CNG,HPV,0
2008,PETROL/CNG,LGV,0
2008,PETROL/CNG,LMV,54
2008,PETROL/CNG,LPV,0
2008,PETROL/CNG,MGV,0
2008,PETROL/CNG,MMV,0
2008,PETROL/CNG,MPV,0
2008,PETROL/CNG,OTH,0
2008,PETROL/LPG,2WIC,0
2008,PETROL/LPG,2WN,302
2008,PETROL/LPG,2WT,0
2008,PETROL/LPG,3WIC,0
2008,PETROL/LPG,3WN,135
2008,PETROL/LPG,3WT,6642
2008,PETROL/LPG,4WIC,0
2008,PETROL/LPG,HGV,1
2008,PETROL/LPG,HMV,0
2008,PETROL/LPG,HPV,0
2008,PETROL/LPG,LGV,205
2008,PETROL/LPG,LMV,11141
2008,PETROL/LPG,LPV,1168
2008,PETROL/LPG,MGV,0
2008,PETROL/LPG,MMV,0
2008,PETROL/LPG,MPV,0
2008,PETROL/LPG,OTH,2
2009,CNG ONLY,2WIC,0
2009,CNG ONLY,2WN,0
2009,CNG ONLY,2WT,0
2009,CNG ONLY,3WIC,0
2009,CNG ONLY,3WN,0
2009,CNG ONLY,3WT,0
2009,CNG ONLY,4WIC,0
2009,CNG ONLY,HGV,1
2009,CNG ONLY,HMV,0
2009,CNG ONLY,HPV,3
2009,CNG ONLY,LGV,0
2009,CNG ONLY,LMV,1
2009,CNG ONLY,LPV,1
2009,CNG ONLY,MGV,0
2009,CNG ONLY,MMV,0
2009,CNG ONLY,MPV,0
2009,CNG ONLY,OTH,0
2009,DIESEL,2WIC,0
2009,DIESEL,2WN,1207
2009,DIESEL,2WT,0
2009,DIESEL,3WIC,0
2009,DIESEL,3WN,97
2009,DIESEL,3WT,8847
2009,DIESEL,4WIC,3
2009,DIESEL,HGV,13026
2009,DIESEL,HMV,609
2009,DIESEL,HPV,5422
2009,DIESEL,LGV,28516
2009,DIESEL,LMV,62780
2009,DIESEL,LPV,12416
2009,DIESEL,MGV,4016
2009,DIESEL,MMV,551
2009,DIESEL,MPV,1061
2009,DIESEL,OTH,2214
2009,DUAL DIESEL/CNG,2WIC,0
2009,DUAL DIESEL/CNG,2WN,0
2009,DUAL DIESEL/CNG,2WT,0
2009,DUAL DIESEL/CNG,3WIC,0
2009,DUAL DIESEL/CNG,3WN,0
2009,DUAL DIESEL/CNG,3WT,0
2009,DUAL DIESEL/CNG,4WIC,0
2009,DUAL DIESEL/CNG,HGV,0
2009,DUAL DIESEL/CNG,HMV,0
2009,DUAL DIESEL/CNG,HPV,0
2009,DUAL DIESEL/CNG,LGV,1
2009,DUAL DIESEL/CNG,LMV,0
2009,DUAL DIESEL/CNG,LPV,0
2009,DUAL DIESEL/CNG,MGV,0
2009,DUAL DIESEL/CNG,MMV,0
2009,DUAL DIESEL/CNG,MPV,0
2009,DUAL DIESEL/CNG,OTH,0
2009,ELECTRIC(BOV),2WIC,0
2009,ELECTRIC(BOV),2WN,1794
2009,ELECTRIC(BOV),2WT,0
2009,ELECTRIC(BOV),3WIC,0
2009,ELECTRIC(BOV),3WN,1
2009,ELECTRIC(BOV),3WT,2
2009,ELECTRIC(BOV),4WIC,0
2009,ELECTRIC(BOV),HGV,1
2009,ELECTRIC(BOV),HMV,8
2009,ELECTRIC(BOV),HPV,1
2009,ELECTRIC(BOV),LGV,17
2009,ELECTRIC(BOV),LMV,87
2009,ELECTRIC(BOV),LPV,0
2009,ELECTRIC(BOV),MGV,1
2009,ELECTRIC(BOV),MMV,2
2009,ELECTRIC(BOV),MPV,0
2009,ELECTRIC(BOV),OTH,0
2009,LPG ONLY,2WIC,0
2009,LPG ONLY,2WN,27
2009,LPG ONLY,2WT,0
2009,LPG ONLY,3WIC,0
2009,LPG ONLY,3WN,19
2009,LPG ONLY,3WT,65
2009,LPG ONLY,4WIC,0
2009,LPG ONLY,HGV,1
2009,LPG ONLY,HMV,1
2009,LPG ONLY,HPV,0
2009,LPG ONLY,LGV,3
2009,LPG ONLY,LMV,54
2009,LPG ONLY,LPV,6
2009,LPG ONLY,MGV,0
2009,LPG ONLY,MMV,0
2009,LPG ONLY,MPV,0
2009,LPG ONLY,OTH,0
2009,NOT APPLICABLE,2WIC,0
2009,NOT APPLICABLE,2WN,370
2009,NOT APPLICABLE,2WT,0
2009,NOT APPLICABLE,3WIC,0
2009,NOT APPLICABLE,3WN,2
2009,NOT APPLICABLE,3WT,2
2009,NOT APPLICABLE,4WIC,0
2009,NOT APPLICABLE,HGV,7
2009,NOT APPLICABLE,HMV,114
2009,NOT APPLICABLE,HPV,2
2009,NOT APPLICABLE,LGV,278
2009,NOT APPLICABLE,LMV,2255
2009,NOT APPLICABLE,LPV,15
2009,NOT APPLICABLE,MGV,13
2009,NOT APPLICABLE,MMV,31
2009,NOT APPLICABLE,MPV,0
2009,NOT APPLICABLE,OTH,35
2009,PETROL,2WIC,120
2009,PETROL,2WN,798864
2009,PETROL,2WT,0
2009,PETROL,3WIC,0
2009,PETROL,3WN,193
2009,PETROL,3WT,2673
2009,PETROL,4WIC,11
2009,PETROL,HGV,21
2009,PETROL,HMV,3
2009,PETROL,HPV,5
2009,PETROL,LGV,215
2009,PETROL,LMV,52756
2009,PETROL,LPV,625
2009,PETROL,MGV,3
2009,PETROL,MMV,1
2009,PETROL,MPV,3
2009,PETROL,OTH,22
2009,PETROL/CNG,2WIC,0
2009,PETROL/CNG,2WN,0
2009,PETROL/CNG,2WT,0
2009,PETROL/CNG,3WIC,0
2009,PETROL/CNG,3WN,0
2009,PETROL/CNG,3WT,0
2009,PETROL/CNG,4WIC,0
2009,PETROL/CNG,HGV,0
2009,PETROL/CNG,HMV,0
2009,PETROL/CNG,HPV,0
2009,PETROL/CNG,LGV,0
2009,PETROL/CNG,LMV,81
2009,PETROL/CNG,LPV,0
2009,PETROL/CNG,MGV,0
2009,PETROL/CNG,MMV,0
2009,PETROL/CNG,MPV,0
2009,PETROL/CNG,OTH,0
2009,PETROL/LPG,2WIC,0
2009,PETROL/LPG,2WN,182
2009,PETROL/LPG,2WT,0
2009,PETROL/LPG,3WIC,0
2009,PETROL/LPG,3WN,150
2009,PETROL/LPG,3WT,2803
2009,PETROL/LPG,4WIC,2
2009,PETROL/LPG,HGV,0
2009,PETROL/LPG,HMV,0
2009,PETROL/LPG,HPV,0
2009,PETROL/LPG,LGV,107
2009,PETROL/LPG,LMV,9644
2009,PETROL/LPG,LPV,742
2009,PETROL/LPG,MGV,0
2009,PETROL/LPG,MMV,0
2009,PETROL/LPG,MPV,0
2009,PETROL/LPG,OTH,1
2010,CNG ONLY,2WIC,0
2010,CNG ONLY,2WN,0
2010,CNG ONLY,2WT,0
2010,CNG ONLY,3WIC,0
2010,CNG ONLY,3WN,0
2010,CNG ONLY,3WT,0
2010,CNG ONLY,4WIC,0
2010,CNG ONLY,HGV,0
2010,CNG ONLY,HMV,0
2010,CNG ONLY,HPV,1
2010,CNG ONLY,LGV,1
2010,CNG ONLY,LMV,0
2010,CNG ONLY,LPV,0
2010,CNG ONLY,MGV,0
2010,CNG ONLY,MMV,0
2010,CNG ONLY,MPV,0
2010,CNG ONLY,OTH,0
2010,DIESEL,2WIC,1
2010,DIESEL,2WN,883
2010,DIESEL,2WT,0
2010,DIESEL,3WIC,0
2010,DIESEL,3WN,84
2010,DIESEL,3WT,12091
2010,DIESEL,4WIC,3
2010,DIESEL,HGV,9865
2010,DIESEL,HMV,520
2010,DIESEL,HPV,4453
2010,DIESEL,LGV,34915
2010,DIESEL,LMV,70805
2010,DIESEL,LPV,12380
2010,DIESEL,MGV,4674
2010,DIESEL,MMV,544
2010,DIESEL,MPV,1305
2010,DIESEL,OTH,2418
2010,DIESEL/HYBRID,2WIC,0
2010,DIESEL/HYBRID,2WN,0
2010,DIESEL/HYBRID,2WT,0
2010,DIESEL/HYBRID,3WIC,0
2010,DIESEL/HYBRID,3WN,0
2010,DIESEL/HYBRID,3WT,0
2010,DIESEL/HYBRID,4WIC,0
2010,DIESEL/HYBRID,HGV,0
2010,DIESEL/HYBRID,HMV,0
2010,DIESEL/HYBRID,HPV,0
2010,DIESEL/HYBRID,LGV,0
2010,DIESEL/HYBRID,LMV,1
2010,DIESEL/HYBRID,LPV,0
2010,DIESEL/HYBRID,MGV,0
2010,DIESEL/HYBRID,MMV,1
2010,DIESEL/HYBRID,MPV,0
2010,DIESEL/HYBRID,OTH,0
2010,ELECTRIC(BOV),2WIC,0
2010,ELECTRIC(BOV),2WN,1294
2010,ELECTRIC(BOV),2WT,0
2010,ELECTRIC(BOV),3WIC,0
2010,ELECTRIC(BOV),3WN,0
2010,ELECTRIC(BOV),3WT,7
2010,ELECTRIC(BOV),4WIC,0
2010,ELECTRIC(BOV),HGV,1
2010,ELECTRIC(BOV),HMV,1
2010,ELECTRIC(BOV),HPV,0
2010,ELECTRIC(BOV),LGV,13
2010,ELECTRIC(BOV),LMV,70
2010,ELECTRIC(BOV),LPV,6
2010,ELECTRIC(BOV),MGV,0
2010,ELECTRIC(BOV),MMV,1
2010,ELECTRIC(BOV),MPV,0
2010,ELECTRIC(BOV),OTH,0
2010,LPG ONLY,2WIC,0
2010,LPG ONLY,2WN,61
2010,LPG ONLY,2WT,0
2010,LPG ONLY,3WIC,0
2010,LPG ONLY,3WN,19
2010,LPG ONLY,3WT,213
2010,LPG ONLY,4WIC,0
2010,LPG ONLY,HGV,0
2010,LPG ONLY,HMV,2
2010,LPG ONLY,HPV,0
2010,LPG ONLY,LGV,9
2010,LPG ONLY,LMV,92
2010,LPG ONLY,LPV,3
2010,LPG ONLY,MGV,1
2010,LPG ONLY,MMV,0
2010,LPG ONLY,MPV,0
2010,LPG ONLY,OTH,0
2010,NOT APPLICABLE,2WIC,0
2010,NOT APPLICABLE,2WN,257
2010,NOT APPLICABLE,2WT,0
2010,NOT APPLICABLE,3WIC,0
2010,NOT APPLICABLE,3WN,0
2010,NOT APPLICABLE,3WT,1
2010,NOT APPLICABLE,4WIC,0
2010,NOT APPLICABLE,HGV,16
2010,NOT APPLICABLE,HMV,82
2010,NOT APPLICABLE,HPV,0
2010,NOT APPLICABLE,LGV,295
2010,NOT APPLICABLE,LMV,1940
2010,NOT APPLICABLE,LPV,9
2010,NOT APPLICABLE,MGV,33
2010,NOT APPLICABLE,MMV,15
2010,NOT APPLICABLE,MPV,0
2010,NOT APPLICABLE,OTH,25
2010,PETROL,2WIC,223
2010,PETROL,2WN,964735
2010,PETROL,2WT,0
2010,PETROL,3WIC,0
2010,PETROL,3WN,274
2010,PETROL,3WT,6016
2010,PETROL,4WIC,6
2010,PETROL,HGV,8
2010,PETROL,HMV,5
2010,PETROL,HPV,2
2010,PETROL,LGV,226
2010,PETROL,LMV,61484
2010,PETROL,LPV,638
2010,PETROL,MGV,1
2010,PETROL,MMV,4
2010,PETROL,MPV,0
2010,PETROL,OTH,28
2010,PETROL/CNG,2WIC,0
2010,PETROL/CNG,2WN,0
2010,PETROL/CNG,2WT,0
2010,PETROL/CNG,3WIC,0
2010,PETROL/CNG,3WN,0
2010,PETROL/CNG,3WT,4
2010,PETROL/CNG,4WIC,0
2010,PETROL/CNG,HGV,0
2010,PETROL/CNG,HMV,0
2010,PETROL/CNG,HPV,0
2010,PETROL/CNG,LGV,0
2010,PETROL/CNG,LMV,91
2010,PETROL/CNG,LPV,0
2010,PETROL/CNG,MGV,0
2010,PETROL/CNG,MMV,0
2010,PETROL/CNG,MPV,0
2010,PETROL/CNG,OTH,0
2010,PETROL(E20)/LPG,2WIC,0
2010,PETROL(E20)/LPG,2WN,0
2010,PETROL(E20)/LPG,2WT,0
2010,PETROL(E20)/LPG,3WIC,0
2010,PETROL(E20)/LPG,3WN,0
2010,PETROL(E20)/LPG,3WT,0
2010,PETROL(E20)/LPG,4WIC,0
2010,PETROL(E20)/LPG,HGV,0
2010,PETROL(E20)/LPG,HMV,0
2010,PETROL(E20)/LPG,HPV,0
2010,PETROL(E20)/LPG,LGV,0
2010,PETROL(E20)/LPG,LMV,1
2010,PETROL(E20)/LPG,LPV,0
2010,PETROL(E20)/LPG,MGV,0
2010,PETROL(E20)/LPG,MMV,0
2010,PETROL(E20)/LPG,MPV,0
2010,PETROL(E20)/LPG,OTH,0
2010,PETROL/LPG,2WIC,4
2010,PETROL/LPG,2WN,262
2010,PETROL/LPG,2WT,0
2010,PETROL/LPG,3WIC,0
2010,PETROL/LPG,3WN,141
2010,PETROL/LPG,3WT,5319
2010,PETROL/LPG,4WIC,1
2010,PETROL/LPG,HGV,0
2010,PETROL/LPG,HMV,0
2010,PETROL/LPG,HPV,0
2010,PETROL/LPG,LGV,81
2010,PETROL/LPG,LMV,11041
2010,PETROL/LPG,LPV,712
2010,PETROL/LPG,MGV,0
2010,PETROL/LPG,MMV,0
2010,PETROL/LPG,MPV,0
2010,PETROL/LPG,OTH,0
2011,CNG ONLY,2WIC,0
2011,CNG ONLY,2WN,0
2011,CNG ONLY,2WT,0
2011,CNG ONLY,3WIC,0
2011,CNG ONLY,3WN,0
2011,CNG ONLY,3WT,5
2011,CNG ONLY,4WIC,0
2011,CNG ONLY,HGV,5
2011,CNG ONLY,HMV,0
2011,CNG ONLY,HPV,4
2011,CNG ONLY,LGV,0
2011,CNG ONLY,LMV,3
2011,CNG ONLY,LPV,0
2011,CNG ONLY,MGV,0
2011,CNG ONLY,MMV,0
2011,CNG ONLY,MPV,0
2011,CNG ONLY,OTH,0
2011,DIESEL,2WIC,0
2011,DIESEL,2WN,997
2011,DIESEL,2WT,0
2011,DIESEL,3WIC,0
2011,DIESEL,3WN,136
2011,DIESEL,3WT,21023
2011,DIESEL,4WIC,4
2011,DIESEL,HGV,18179
2011,DIESEL,HMV,880
2011,DIESEL,HPV,5490
2011,DIESEL,LGV,42847
2011,DIESEL,LMV,94001
2011,DIESEL,LPV,19111
2011,DIESEL,MGV,6138
2011,DIESEL,MMV,957
2011,DIESEL,MPV,1555
2011,DIESEL,OTH,3365
2011,DIESEL/HYBRID,2WIC,0
2011,DIESEL/HYBRID,2WN,0
2011,DIESEL/HYBRID,2WT,0
2011,DIESEL/HYBRID,3WIC,0
2011,DIESEL/HYBRID,3WN,0
2011,DIESEL/HYBRID,3WT,1
2011,DIESEL/HYBRID,4WIC,0
2011,DIESEL/HYBRID,HGV,0
2011,DIESEL/HYBRID,HMV,0
2011,DIESEL/HYBRID,HPV,0
2011,DIESEL/HYBRID,LGV,1
2011,DIESEL/HYBRID,LMV,2
2011,DIESEL/HYBRID,LPV,1
2011,DIESEL/HYBRID,MGV,0
2011,DIESEL/HYBRID,MMV,0
2011,DIESEL/HYBRID,MPV,0
2011,DIESEL/HYBRID,OTH,0
2011,ELECTRIC(BOV),2WIC,0
2011,ELECTRIC(BOV),2WN,645
2011,ELECTRIC(BOV),2WT,0
2011,ELECTRIC(BOV),3WIC,0
2011,ELECTRIC(BOV),3WN,0
2011,ELECTRIC(BOV),3WT,5
2011,ELECTRIC(BOV),4WIC,0
2011,ELECTRIC(BOV),HGV,0
2011,ELECTRIC(BOV),HMV,7
2011,ELECTRIC(BOV),HPV,0
2011,ELECTRIC(BOV),LGV,35
2011,ELECTRIC(BOV),LMV,105
2011,ELECTRIC(BOV),LPV,4
2011,ELECTRIC(BOV),MGV,0
2011,ELECTRIC(BOV),MMV,0
2011,ELECTRIC(BOV),MPV,0
2011,ELECTRIC(BOV),OTH,5
2011,LPG ONLY,2WIC,0
2011,LPG ONLY,2WN,38
2011,LPG ONLY,2WT,0
2011,LPG ONLY,3WIC,0
2011,LPG ONLY,3WN,6
2011,LPG ONLY,3WT,196
2011,LPG ONLY,4WIC,0
2011,LPG ONLY,HGV,0
2011,LPG ONLY,HMV,2
2011,LPG ONLY,HPV,0
2011,LPG ONLY,LGV,7
2011,LPG ONLY,LMV,104
2011,LPG ONLY,LPV,2
2011,LPG ONLY,MGV,0
2011,LPG ONLY,MMV,0
2011,LPG ONLY,MPV,0
2011,LPG ONLY,OTH,0
2011,NOT APPLICABLE,2WIC,0
2011,NOT APPLICABLE,2WN,430
2011,NOT APPLICABLE,2WT,0
2011,NOT APPLICABLE,3WIC,0
2011,NOT APPLICABLE,3WN,1
2011,NOT APPLICABLE,3WT,0
2011,NOT APPLICABLE,4WIC,0
2011,NOT APPLICABLE,HGV,8
2011,NOT APPLICABLE,HMV,130
2011,NOT APPLICABLE,HPV,0
2011,NOT APPLICABLE,LGV,394
2011,NOT APPLICABLE,LMV,1820
2011,NOT APPLICABLE,LPV,6
2011,NOT APPLICABLE,MGV,26
2011,NOT APPLICABLE,MMV,11
2011,NOT APPLICABLE,MPV,1
2011,NOT APPLICABLE,OTH,28
2011,PETROL,2WIC,56
2011,PETROL,2WN,1242847
2011,PETROL,2WT,0
2011,PETROL,3WIC,0
2011,PETROL,3WN,301
2011,PETROL,3WT,8006
2011,PETROL,4WIC,13
2011,PETROL,HGV,14
2011,PETROL,HMV,2
2011,PETROL,HPV,1
2011,PETROL,LGV,206
2011,PETROL,LMV,77265
2011,PETROL,LPV,863
2011,PETROL,MGV,1
2011,PETROL,MMV,3
2011,PETROL,MPV,2
2011,PETROL,OTH,35
2011,PETROL/CNG,2WIC,0
2011,PETROL/CNG,2WN,0
2011,PETROL/CNG,2WT,0
2011,PETROL/CNG,3WIC,0
2011,PETROL/CNG,3WN,0
2011,PETROL/CNG,3WT,39
2011,PETROL/CNG,4WIC,1
2011,PETROL/CNG,HGV,0
2011,PETROL/CNG,HMV,0
2011,PETROL/CNG,HPV,0
2011,PETROL/CNG,LGV,0
2011,PETROL/CNG,LMV,130
2011,PETROL/CNG,LPV,0
2011,PETROL/CNG,MGV,0
2011,PETROL/CNG,MMV,0
2011,PETROL/CNG,MPV,0
2011,PETROL/CNG,OTH,0
2011,PETROL(E20)/LPG,2WIC,0
2011,PETROL(E20)/LPG,2WN,0
2011,PETROL(E20)/LPG,2WT,0
2011,PETROL(E20)/LPG,3WIC,0
2011,PETROL(E20)/LPG,3WN,0
2011,PETROL(E20)/LPG,3WT,0
2011,PETROL(E20)/LPG,4WIC,0
2011,PETROL(E20)/LPG,HGV,0
2011,PETROL(E20)/LPG,HMV,0
2011,PETROL(E20)/LPG,HPV,0
2011,PETROL(E20)/LPG,LGV,0
2011,PETROL(E20)/LPG,LMV,1
2011,PETROL(E20)/LPG,LPV,0
2011,PETROL(E20)/LPG,MGV,0
2011,PETROL(E20)/LPG,MMV,0
2011,PETROL(E20)/LPG,MPV,0
2011,PETROL(E20)/LPG,OTH,0
2011,PETROL/HYBRID,2WIC,0
2011,PETROL/HYBRID,2WN,0
2011,PETROL/HYBRID,2WT,0
2011,PETROL/HYBRID,3WIC,0
2011,PETROL/HYBRID,3WN,0
2011,PETROL/HYBRID,3WT,0
2011,PETROL/HYBRID,4WIC,0
2011,PETROL/HYBRID,HGV,0
2011,PETROL/HYBRID,HMV,0
2011,PETROL/HYBRID,HPV,0
2011,PETROL/HYBRID,LGV,0
2011,PETROL/HYBRID,LMV,1
2011,PETROL/HYBRID,LPV,0
2011,PETROL/HYBRID,MGV,0
2011,PETROL/HYBRID,MMV,0
2011,PETROL/HYBRID,MPV,0
2011,PETROL/HYBRID,OTH,0
2011,PETROL/LPG,2WIC,0
2011,PETROL/LPG,2WN,437
2011,PETROL/LPG,2WT,0
2011,PETROL/LPG,3WIC,0
2011,PETROL/LPG,3WN,416
2011,PETROL/LPG,3WT,21731
2011,PETROL/LPG,4WIC,0
2011,PETROL/LPG,HGV,1
2011,PETROL/LPG,HMV,0
2011,PETROL/LPG,HPV,0
2011,PETROL/LPG,LGV,40
2011,PETROL/LPG,LMV,10587
2011,PETROL/LPG,LPV,830
2011,PETROL/LPG,MGV,0
2011,PETROL/LPG,MMV,0
2011,PETROL/LPG,MPV,0
2011,PETROL/LPG,OTH,0
2012,CNG ONLY,2WIC,0
2012,CNG ONLY,2WN,0
2012,CNG ONLY,2WT,0
2012,CNG ONLY,3WIC,0
2012,CNG ONLY,3WN,0
2012,CNG ONLY,3WT,0
2012,CNG ONLY,4WIC,0
2012,CNG ONLY,HGV,0
2012,CNG ONLY,HMV,0
2012,CNG ONLY,HPV,9
2012,CNG ONLY,LGV,0
2012,CNG ONLY,LMV,1
2012,CNG ONLY,LPV,0
2012,CNG ONLY,MGV,0
2012,CNG ONLY,MMV,0
2012,CNG ONLY,MPV,0
2012,CNG ONLY,OTH,0
2012,DIESEL,2WIC,0
2012,DIESEL,2WN,873
2012,DIESEL,2WT,0
2012,DIESEL,3WIC,0
2012,DIESEL,3WN,54
2012,DIESEL,3WT,5413
2012,DIESEL,4WIC,8
2012,DIESEL,HGV,21959
2012,DIESEL,HMV,1166
2012,DIESEL,HPV,3954
2012,DIESEL,LGV,52417
2012,DIESEL,LMV,114339
2012,DIESEL,LPV,19824
2012,DIESEL,MGV,5794
2012,DIESEL,MMV,1403
2012,DIESEL,MPV,1836
2012,DIESEL,OTH,3315
2012,DIESEL/HYBRID,2WIC,0
2012,DIESEL/HYBRID,2WN,0
2012,DIESEL/HYBRID,2WT,0
2012,DIESEL/HYBRID,3WIC,0
2012,DIESEL/HYBRID,3WN,0
2012,DIESEL/HYBRID,3WT,0
2012,DIESEL/HYBRID,4WIC,0
2012,DIESEL/HYBRID,HGV,0
2012,DIESEL/HYBRID,HMV,0
2012,DIESEL/HYBRID,HPV,0
2012,DIESEL/HYBRID,LGV,0
2012,DIESEL/HYBRID,LMV,1
2012,DIESEL/HYBRID,LPV,0
2012,DIESEL/HYBRID,MGV,0
2012,DIESEL/HYBRID,MMV,0
2012,DIESEL/HYBRID,MPV,0
2012,DIESEL/HYBRID,OTH,0
2012,DUAL DIESEL/CNG,2WIC,0
2012,DUAL DIESEL/CNG,2WN,0
2012,DUAL DIESEL/CNG,2WT,0
2012,DUAL DIESEL/CNG,3WIC,0
2012,DUAL DIESEL/CNG,3WN,0
2012,DUAL DIESEL/CNG,3WT,0
2012,DUAL DIESEL/CNG,4WIC,0
2012,DUAL DIESEL/CNG,HGV,0
2012,DUAL DIESEL/CNG,HMV,0
2012,DUAL DIESEL/CNG,HPV,0
2012,DUAL DIESEL/CNG,LGV,1
2012,DUAL DIESEL/CNG,LMV,0
2012,DUAL DIESEL/CNG,LPV,0
2012,DUAL DIESEL/CNG,MGV,0
2012,DUAL DIESEL/CNG,MMV,0
2012,DUAL DIESEL/CNG,MPV,0
2012,DUAL DIESEL/CNG,OTH,0
2012,ELECTRIC(BOV),2WIC,0
2012,ELECTRIC(BOV),2WN,549
2012,ELECTRIC(BOV),2WT,0
2012,ELECTRIC(BOV),3WIC,0
2012,ELECTRIC(BOV),3WN,0
2012,ELECTRIC(BOV),3WT,2
2012,ELECTRIC(BOV),4WIC,0
2012,ELECTRIC(BOV),HGV,1
2012,ELECTRIC(BOV),HMV,8
2012,ELECTRIC(BOV),HPV,0
2012,ELECTRIC(BOV),LGV,41
2012,ELECTRIC(BOV),LMV,136
2012,ELECTRIC(BOV),LPV,13
2012,ELECTRIC(BOV),MGV,0
2012,ELECTRIC(BOV),MMV,0
2012,ELECTRIC(BOV),MPV,0
2012,ELECTRIC(BOV),OTH,1
2012,LPG ONLY,2WIC,0
2012,LPG ONLY,2WN,55
2012,LPG ONLY,2WT,0
2012,LPG ONLY,3WIC,0
2012,LPG ONLY,3WN,6
2012,LPG ONLY,3WT,101
2012,LPG ONLY,4WIC,0
2012,LPG ONLY,HGV,0
2012,LPG ONLY,HMV,1
2012,LPG ONLY,HPV,0
2012,LPG ONLY,LGV,11
2012,LPG ONLY,LMV,139
2012,LPG ONLY,LPV,7
2012,LPG ONLY,MGV,0
2012,LPG ONLY,MMV,0
2012,LPG ONLY,MPV,0
2012,LPG ONLY,OTH,0
2012,NOT APPLICABLE,2WIC,0
2012,NOT APPLICABLE,2WN,251
2012,NOT APPLICABLE,2WT,0
2012,NOT APPLICABLE,3WIC,0
2012,NOT APPLICABLE,3WN,1
2012,NOT APPLICABLE,3WT,0
2012,NOT APPLICABLE,4WIC,0
2012,NOT APPLICABLE,HGV,3
2012,NOT APPLICABLE,HMV,242
2012,NOT APPLICABLE,HPV,1
2012,NOT APPLICABLE,LGV,515
2012,NOT APPLICABLE,LMV,1909
2012,NOT APPLICABLE,LPV,8
2012,NOT APPLICABLE,MGV,12
2012,NOT APPLICABLE,MMV,17
2012,NOT APPLICABLE,MPV,0
2012,NOT APPLICABLE,OTH,48
2012,PETROL,2WIC,60
2012,PETROL,2WN,1486512
2012,PETROL,2WT,3
2012,PETROL,3WIC,0
2012,PETROL,3WN,167
2012,PETROL,3WT,1711
2012,PETROL,4WIC,16
2012,PETROL,HGV,17
2012,PETROL,HMV,10
2012,PETROL,HPV,0
2012,PETROL,LGV,206
2012,PETROL,LMV,69595
2012,PETROL,LPV,841
2012,PETROL,MGV,3
2012,PETROL,MMV,2
2012,PETROL,MPV,1
2012,PETROL,OTH,37
2012,PETROL/CNG,2WIC,0
2012,PETROL/CNG,2WN,0
2012,PETROL/CNG,2WT,0
2012,PETROL/CNG,3WIC,0
2012,PETROL/CNG,3WN,0
2012,PETROL/CNG,3WT,6
2012,PETROL/CNG,4WIC,0
2012,PETROL/CNG,HGV,0
2012,PETROL/CNG,HMV,0
2012,PETROL/CNG,HPV,0
2012,PETROL/CNG,LGV,0
2012,PETROL/CNG,LMV,132
2012,PETROL/CNG,LPV,0
2012,PETROL/CNG,MGV,0
2012,PETROL/CNG,MMV,0
2012,PETROL/CNG,MPV,0
2012,PETROL/CNG,OTH,0
2012,PETROL/LPG,2WIC,0
2012,PETROL/LPG,2WN,257
2012,PETROL/LPG,2WT,0
2012,PETROL/LPG,3WIC,0
2012,PETROL/LPG,3WN,98
2012,PETROL/LPG,3WT,3037
2012,PETROL/LPG,4WIC,5
2012,PETROL/LPG,HGV,0
2012,PETROL/LPG,HMV,1
2012,PETROL/LPG,HPV,0
2012,PETROL/LPG,LGV,25
2012,PETROL/LPG,LMV,10182
2012,PETROL/LPG,LPV,678
2012,PETROL/LPG,MGV,1
2012,PETROL/LPG,MMV,0
2012,PETROL/LPG,MPV,0
2012,PETROL/LPG,OTH,1
2013,CNG ONLY,2WIC,0
2013,CNG ONLY,2WN,0
2013,CNG ONLY,2WT,0
2013,CNG ONLY,3WIC,0
2013,CNG ONLY,3WN,0
2013,CNG ONLY,3WT,0
2013,CNG ONLY,4WIC,0
2013,CNG ONLY,HGV,2
2013,CNG ONLY,HMV,0
2013,CNG ONLY,HPV,11
2013,CNG ONLY,LGV,0
2013,CNG ONLY,LMV,1
2013,CNG ONLY,LPV,0
2013,CNG ONLY,MGV,1
2013,CNG ONLY,MMV,0
2013,CNG ONLY,MPV,0
2013,CNG ONLY,OTH,0
2013,DIESEL,2WIC,0
2013,DIESEL,2WN,680
2013,DIESEL,2WT,0
2013,DIESEL,3WIC,0
2013,DIESEL,3WN,89
2013,DIESEL,3WT,8530
2013,DIESEL,4WIC,10
2013,DIESEL,HGV,17818
2013,DIESEL,HMV,1170
2013,DIESEL,HPV,5569
2013,DIESEL,LGV,56042
2013,DIESEL,LMV,134040
2013,DIESEL,LPV,17474
2013,DIESEL,MGV,4619
2013,DIESEL,MMV,1215
2013,DIESEL,MPV,2353
2013,DIESEL,OTH,2204
2013,DIESEL/HYBRID,2WIC,0
2013,DIESEL/HYBRID,2WN,0
2013,DIESEL/HYBRID,2WT,0
2013,DIESEL/HYBRID,3WIC,0
2013,DIESEL/HYBRID,3WN,0
2013,DIESEL/HYBRID,3WT,0
2013,DIESEL/HYBRID,4WIC,0
2013,DIESEL/HYBRID,HGV,0
2013,DIESEL/HYBRID,HMV,0
2013,DIESEL/HYBRID,HPV,0
2013,DIESEL/HYBRID,LGV,0
2013,DIESEL/HYBRID,LMV,1
2013,DIESEL/HYBRID,LPV,0
2013,DIESEL/HYBRID,MGV,0
2013,DIESEL/HYBRID,MMV,0
2013,DIESEL/HYBRID,MPV,0
2013,DIESEL/HYBRID,OTH,0
2013,ELECTRIC(BOV),2WIC,0
2013,ELECTRIC(BOV),2WN,322
2013,ELECTRIC(BOV),2WT,0
2013,ELECTRIC(BOV),3WIC,0
2013,ELECTRIC(BOV),3WN,0
2013,ELECTRIC(BOV),3WT,1
2013,ELECTRIC(BOV),4WIC,0
2013,ELECTRIC(BOV),HGV,2
2013,ELECTRIC(BOV),HMV,8
2013,ELECTRIC(BOV),HPV,0
2013,ELECTRIC(BOV),LGV,43
2013,ELECTRIC(BOV),LMV,151
2013,ELECTRIC(BOV),LPV,7
2013,ELECTRIC(BOV),MGV,0
2013,ELECTRIC(BOV),MMV,2
2013,ELECTRIC(BOV),MPV,0
2013,ELECTRIC(BOV),OTH,3
2013,LNG,2WIC,0
2013,LNG,2WN,0
2013,LNG,2WT,0
2013,LNG,3WIC,0
2013,LNG,3WN,0
2013,LNG,3WT,0
2013,LNG,4WIC,0
2013,LNG,HGV,1
2013,LNG,HMV,0
2013,LNG,HPV,0
2013,LNG,LGV,0
2013,LNG,LMV,0
2013,LNG,LPV,0
2013,LNG,MGV,0
2013,LNG,MMV,0
2013,LNG,MPV,0
2013,LNG,OTH,0
2013,LPG ONLY,2WIC,0
2013,LPG ONLY,2WN,23
2013,LPG ONLY,2WT,0
2013,LPG ONLY,3WIC,0
2013,LPG ONLY,3WN,7
2013,LPG ONLY,3WT,189
2013,LPG ONLY,4WIC,0
2013,LPG ONLY,HGV,1
2013,LPG ONLY,HMV,1
2013,LPG ONLY,HPV,0
2013,LPG ONLY,LGV,5
2013,LPG ONLY,LMV,122
2013,LPG ONLY,LPV,7
2013,LPG ONLY,MGV,0
2013,LPG ONLY,MMV,1
2013,LPG ONLY,MPV,0
2013,LPG ONLY,OTH,0
2013,NOT APPLICABLE,2WIC,0
2013,NOT APPLICABLE,2WN,338
2013,NOT APPLICABLE,2WT,0
2013,NOT APPLICABLE,3WIC,0
2013,NOT APPLICABLE,3WN,0
2013,NOT APPLICABLE,3WT,0
2013,NOT APPLICABLE,4WIC,0
2013,NOT APPLICABLE,HGV,9
2013,NOT APPLICABLE,HMV,212
2013,NOT APPLICABLE,HPV,0
2013,NOT APPLICABLE,LGV,470
2013,NOT APPLICABLE,LMV,1502
2013,NOT APPLICABLE,LPV,3
2013,NOT APPLICABLE,MGV,7
2013,NOT APPLICABLE,MMV,14
2013,NOT APPLICABLE,MPV,1
2013,NOT APPLICABLE,OTH,38
2013,PETROL,2WIC,314
2013,PETROL,2WN,1498695
2013,PETROL,2WT,0
2013,PETROL,3WIC,0
2013,PETROL,3WN,135
2013,PETROL,3WT,2390
2013,PETROL,4WIC,12
2013,PETROL,HGV,5
2013,PETROL,HMV,8
2013,PETROL,HPV,1
2013,PETROL,LGV,208
2013,PETROL,LMV,58107
2013,PETROL,LPV,523
2013,PETROL,MGV,2
2013,PETROL,MMV,9
2013,PETROL,MPV,0
2013,PETROL,OTH,21
2013,PETROL/CNG,2WIC,0
2013,PETROL/CNG,2WN,0
2013,PETROL/CNG,2WT,0
2013,PETROL/CNG,3WIC,0
2013,PETROL/CNG,3WN,3
2013,PETROL/CNG,3WT,15
2013,PETROL/CNG,4WIC,0
2013,PETROL/CNG,HGV,0
2013,PETROL/CNG,HMV,0
2013,PETROL/CNG,HPV,0
2013,PETROL/CNG,LGV,0
2013,PETROL/CNG,LMV,88
2013,PETROL/CNG,LPV,1
2013,PETROL/CNG,MGV,0
2013,PETROL/CNG,MMV,0
2013,PETROL/CNG,MPV,0
2013,PETROL/CNG,OTH,0
2013,PETROL/ETHANOL,2WIC,0
2013,PETROL/ETHANOL,2WN,1
2013,PETROL/ETHANOL,2WT,0
2013,PETROL/ETHANOL,3WIC,0
2013,PETROL/ETHANOL,3WN,0
2013,PETROL/ETHANOL,3WT,0
2013,PETROL/ETHANOL,4WIC,0
2013,PETROL/ETHANOL,HGV,0
2013,PETROL/ETHANOL,HMV,0
2013,PETROL/ETHANOL,HPV,0
2013,PETROL/ETHANOL,LGV,0
2013,PETROL/ETHANOL,LMV,0
2013,PETROL/ETHANOL,LPV,0
2013,PETROL/ETHANOL,MGV,0
2013,PETROL/ETHANOL,MMV,0
2013,PETROL/ETHANOL,MPV,0
2013,PETROL/ETHANOL,OTH,0
2013,PETROL/HYBRID,2WIC,0
2013,PETROL/HYBRID,2WN,0
2013,PETROL/HYBRID,2WT,0
2013,PETROL/HYBRID,3WIC,0
2013,PETROL/HYBRID,3WN,0
2013,PETROL/HYBRID,3WT,0
2013,PETROL/HYBRID,4WIC,0
2013,PETROL/HYBRID,HGV,0
2013,PETROL/HYBRID,HMV,0
2013,PETROL/HYBRID,HPV,0
2013,PETROL/HYBRID,LGV,0
2013,PETROL/HYBRID,LMV,1
2013,PETROL/HYBRID,LPV,0
2013,PETROL/HYBRID,MGV,0
2013,PETROL/HYBRID,MMV,0
2013,PETROL/HYBRID,MPV,0
2013,PETROL/HYBRID,OTH,0
2013,PETROL/LPG,2WIC,0
2013,PETROL/LPG,2WN,215
2013,PETROL/LPG,2WT,0
2013,PETROL/LPG,3WIC,0
2013,PETROL/LPG,3WN,95
2013,PETROL/LPG,3WT,4908
2013,PETROL/LPG,4WIC,3
2013,PETROL/LPG,HGV,0
2013,PETROL/LPG,HMV,1
2013,PETROL/LPG,HPV,0
2013,PETROL/LPG,LGV,21
2013,PETROL/LPG,LMV,6855
2013,PETROL/LPG,LPV,283
2013,PETROL/LPG,MGV,0
2013,PETROL/LPG,MMV,1
2013,PETROL/LPG,MPV,0
2013,PETROL/LPG,OTH,0
2014,CNG ONLY,2WIC,0
2014,CNG ONLY,2WN,0
2014,CNG ONLY,2WT,0
2014,CNG ONLY,3WIC,0
2014,CNG ONLY,3WN,0
2014,CNG ONLY,3WT,4
2014,CNG ONLY,4WIC,0
2014,CNG ONLY,HGV,2
2014,CNG ONLY,HMV,0
2014,CNG ONLY,HPV,7
2014,CNG ONLY,LGV,1
2014,CNG ONLY,LMV,1
2014,CNG ONLY,LPV,0
2014,CNG ONLY,MGV,0
2014,CNG ONLY,MMV,0
2014,CNG ONLY,MPV,0
2014,CNG ONLY,OTH,0
2014,DIESEL,2WIC,2
2014,DIESEL,2WN,555
2014,DIESEL,2WT,0
2014,DIESEL,3WIC,0
2014,DIESEL,3WN,70
2014,DIESEL,3WT,9485
2014,DIESEL,4WIC,12
2014,DIESEL,HGV,10679
2014,DIESEL,HMV,806
2014,DIESEL,HPV,3429
2014,DIESEL,LGV,34272
2014,DIESEL,LMV,108303
2014,DIESEL,LPV,14334
2014,DIESEL,MGV,2785
2014,DIESEL,MMV,765
2014,DIESEL,MPV,2056
2014,DIESEL,OTH,1196
2014,DIESEL/HYBRID,2WIC,0
2014,DIESEL/HYBRID,2WN,0
2014,DIESEL/HYBRID,2WT,0
2014,DIESEL/HYBRID,3WIC,0
2014,DIESEL/HYBRID,3WN,0
2014,DIESEL/HYBRID,3WT,0
2014,DIESEL/HYBRID,4WIC,0
2014,DIESEL/HYBRID,HGV,0
2014,DIESEL/HYBRID,HMV,0
2014,DIESEL/HYBRID,HPV,0
2014,DIESEL/HYBRID,LGV,1
2014,DIESEL/HYBRID,LMV,0
2014,DIESEL/HYBRID,LPV,0
2014,DIESEL/HYBRID,MGV,0
2014,DIESEL/HYBRID,MMV,0
2014,DIESEL/HYBRID,MPV,0
2014,DIESEL/HYBRID,OTH,0
2014,ELECTRIC(BOV),2WIC,0
2014,ELECTRIC(BOV),2WN,137
2014,ELECTRIC(BOV),2WT,0
2014,ELECTRIC(BOV),3WIC,0
2014,ELECTRIC(BOV),3WN,0
2014,ELECTRIC(BOV),3WT,1
2014,ELECTRIC(BOV),4WIC,0
2014,ELECTRIC(BOV),HGV,0
2014,ELECTRIC(BOV),HMV,1
2014,ELECTRIC(BOV),HPV,0
2014,ELECTRIC(BOV),LGV,70
2014,ELECTRIC(BOV),LMV,104
2014,ELECTRIC(BOV),LPV,3
2014,ELECTRIC(BOV),MGV,0
2014,ELECTRIC(BOV),MMV,1
2014,ELECTRIC(BOV),MPV,0
2014,ELECTRIC(BOV),OTH,0
2014,LNG,2WIC,0
2014,LNG,2WN,0
2014,LNG,2WT,0
2014,LNG,3WIC,0
2014,LNG,3WN,0
2014,LNG,3WT,0
2014,LNG,4WIC,0
2014,LNG,HGV,1
2014,LNG,HMV,0
2014,LNG,HPV,0
2014,LNG,LGV,0
2014,LNG,LMV,0
2014,LNG,LPV,0
2014,LNG,MGV,0
2014,LNG,MMV,0
2014,LNG,MPV,0
2014,LNG,OTH,0
2014,LPG ONLY,2WIC,0
2014,LPG ONLY,2WN,15
2014,LPG ONLY,2WT,0
2014,LPG ONLY,3WIC,0
2014,LPG ONLY,3WN,5
2014,LPG ONLY,3WT,227
2014,LPG ONLY,4WIC,0
2014,LPG ONLY,HGV,0
2014,LPG ONLY,HMV,2
2014,LPG ONLY,HPV,0
2014,LPG ONLY,LGV,2
2014,LPG ONLY,LMV,54
2014,LPG ONLY,LPV,3
2014,LPG ONLY,MGV,0
2014,LPG ONLY,MMV,0
2014,LPG ONLY,MPV,0
2014,LPG ONLY,OTH,0
2014,NOT APPLICABLE,2WIC,0
2014,NOT APPLICABLE,2WN,238
2014,NOT APPLICABLE,2WT,0
2014,NOT APPLICABLE,3WIC,0
2014,NOT APPLICABLE,3WN,0
2014,NOT APPLICABLE,3WT,2
2014,NOT APPLICABLE,4WIC,0
2014,NOT APPLICABLE,HGV,2
2014,NOT APPLICABLE,HMV,56
2014,NOT APPLICABLE,HPV,0
2014,NOT APPLICABLE,LGV,373
2014,NOT APPLICABLE,LMV,935
2014,NOT APPLICABLE,LPV,4
2014,NOT APPLICABLE,MGV,1
2014,NOT APPLICABLE,MMV,10
2014,NOT APPLICABLE,MPV,0
2014,NOT APPLICABLE,OTH,5
2014,PETROL,2WIC,662
2014,PETROL,2WN,1364809
2014,PETROL,2WT,0
2014,PETROL,3WIC,0
2014,PETROL,3WN,137
2014,PETROL,3WT,1847
2014,PETROL,4WIC,28
2014,PETROL,HGV,8
2014,PETROL,HMV,2
2014,PETROL,HPV,2
2014,PETROL,LGV,187
2014,PETROL,LMV,61299
2014,PETROL,LPV,442
2014,PETROL,MGV,0
2014,PETROL,MMV,1
2014,PETROL,MPV,0
2014,PETROL,OTH,14
2014,PETROL/CNG,2WIC,0
2014,PETROL/CNG,2WN,0
2014,PETROL/CNG,2WT,0
2014,PETROL/CNG,3WIC,0
2014,PETROL/CNG,3WN,0
2014,PETROL/CNG,3WT,28
2014,PETROL/CNG,4WIC,0
2014,PETROL/CNG,HGV,0
2014,PETROL/CNG,HMV,0
2014,PETROL/CNG,HPV,0
2014,PETROL/CNG,LGV,0
2014,PETROL/CNG,LMV,135
2014,PETROL/CNG,LPV,1
2014,PETROL/CNG,MGV,0
2014,PETROL/CNG,MMV,0
2014,PETROL/CNG,MPV,0
2014,PETROL/CNG,OTH,0
2014,PETROL(E20)/LPG,2WIC,0
2014,PETROL(E20)/LPG,2WN,0
2014,PETROL(E20)/LPG,2WT,0
2014,PETROL(E20)/LPG,3WIC,0
2014,PETROL(E20)/LPG,3WN,0
2014,PETROL(E20)/LPG,3WT,0
2014,PETROL(E20)/LPG,4WIC,0
2014,PETROL(E20)/LPG,HGV,0
2014,PETROL(E20)/LPG,HMV,0
2014,PETROL(E20)/LPG,HPV,0
2014,PETROL(E20)/LPG,LGV,0
2014,PETROL(E20)/LPG,LMV,0
2014,PETROL(E20)/LPG,LPV,1
2014,PETROL(E20)/LPG,MGV,0
2014,PETROL(E20)/LPG,MMV,0
2014,PETROL(E20)/LPG,MPV,0
2014,PETROL(E20)/LPG,OTH,0
2014,PETROL/LPG,2WIC,0
2014,PETROL/LPG,2WN,134
2014,PETROL/LPG,2WT,0
2014,PETROL/LPG,3WIC,0
2014,PETROL/LPG,3WN,124
2014,PETROL/LPG,3WT,6021
2014,PETROL/LPG,4WIC,1
2014,PETROL/LPG,HGV,0
2014,PETROL/LPG,HMV,0
2014,PETROL/LPG,HPV,0
2014,PETROL/LPG,LGV,9
2014,PETROL/LPG,LMV,4047
2014,PETROL/LPG,LPV,177
2014,PETROL/LPG,MGV,0
2014,PETROL/LPG,MMV,0
2014,PETROL/LPG,MPV,0
2014,PETROL/LPG,OTH,1
2015,CNG ONLY,2WIC,0
2015,CNG ONLY,2WN,0
2015,CNG ONLY,2WT,0
2015,CNG ONLY,3WIC,0
2015,CNG ONLY,3WN,0
2015,CNG ONLY,3WT,1
2015,CNG ONLY,4WIC,0
2015,CNG ONLY,HGV,1
2015,CNG ONLY,HMV,0
2015,CNG ONLY,HPV,8
2015,CNG ONLY,LGV,0
2015,CNG ONLY,LMV,0
2015,CNG ONLY,LPV,0
2015,CNG ONLY,MGV,0
2015,CNG ONLY,MMV,0
2015,CNG ONLY,MPV,0
2015,CNG ONLY,OTH,0
2015,DIESEL,2WIC,1
2015,DIESEL,2WN,445
2015,DIESEL,2WT,0
2015,DIESEL,3WIC,0
2015,DIESEL,3WN,60
2015,DIESEL,3WT,10759
2015,DIESEL,4WIC,11
2015,DIESEL,HGV,16322
2015,DIESEL,HMV,515
2015,DIESEL,HPV,2160
2015,DIESEL,LGV,24506
2015,DIESEL,LMV,94814
2015,DIESEL,LPV,13366
2015,DIESEL,MGV,2402
2015,DIESEL,MMV,592
2015,DIESEL,MPV,1692
2015,DIESEL,OTH,1053
2015,DIESEL/HYBRID,2WIC,0
2015,DIESEL/HYBRID,2WN,0
2015,DIESEL/HYBRID,2WT,0
2015,DIESEL/HYBRID,3WIC,0
2015,DIESEL/HYBRID,3WN,0
2015,DIESEL/HYBRID,3WT,0
2015,DIESEL/HYBRID,4WIC,0
2015,DIESEL/HYBRID,HGV,1
2015,DIESEL/HYBRID,HMV,0
2015,DIESEL/HYBRID,HPV,0
2015,DIESEL/HYBRID,LGV,0
2015,DIESEL/HYBRID,LMV,0
2015,DIESEL/HYBRID,LPV,1
2015,DIESEL/HYBRID,MGV,0
2015,DIESEL/HYBRID,MMV,0
2015,DIESEL/HYBRID,MPV,0
2015,DIESEL/HYBRID,OTH,0
2015,ELECTRIC(BOV),2WIC,0
2015,ELECTRIC(BOV),2WN,38
2015,ELECTRIC(BOV),2WT,0
2015,ELECTRIC(BOV),3WIC,0
2015,ELECTRIC(BOV),3WN,0
2015,ELECTRIC(BOV),3WT,1
2015,ELECTRIC(BOV),4WIC,0
2015,ELECTRIC(BOV),HGV,1
2015,ELECTRIC(BOV),HMV,1
2015,ELECTRIC(BOV),HPV,0
2015,ELECTRIC(BOV),LGV,38
2015,ELECTRIC(BOV),LMV,64
2015,ELECTRIC(BOV),LPV,1
2015,ELECTRIC(BOV),MGV,0
2015,ELECTRIC(BOV),MMV,0
2015,ELECTRIC(BOV),MPV,0
2015,ELECTRIC(BOV),OTH,1
2015,LNG,2WIC,0
2015,LNG,2WN,0
2015,LNG,2WT,0
2015,LNG,3WIC,0
2015,LNG,3WN,0
2015,LNG,3WT,0
2015,LNG,4WIC,0
2015,LNG,HGV,1
2015,LNG,HMV,0
2015,LNG,HPV,0
2015,LNG,LGV,0
2015,LNG,LMV,0
2015,LNG,LPV,0
2015,LNG,MGV,0
2015,LNG,MMV,0
2015,LNG,MPV,0
2015,LNG,OTH,0
2015,LPG ONLY,2WIC,0
2015,LPG ONLY,2WN,48
2015,LPG ONLY,2WT,0
2015,LPG ONLY,3WIC,0
2015,LPG ONLY,3WN,3
2015,LPG ONLY,3WT,299
2015,LPG ONLY,4WIC,0
2015,LPG ONLY,HGV,0
2015,LPG ONLY,HMV,1
2015,LPG ONLY,HPV,0
2015,LPG ONLY,LGV,0
2015,LPG ONLY,LMV,55
2015,LPG ONLY,LPV,1
2015,LPG ONLY,MGV,0
2015,LPG ONLY,MMV,0
2015,LPG ONLY,MPV,0
2015,LPG ONLY,OTH,0
2015,NOT APPLICABLE,2WIC,0
2015,NOT APPLICABLE,2WN,294
2015,NOT APPLICABLE,2WT,0
2015,NOT APPLICABLE,3WIC,0
2015,NOT APPLICABLE,3WN,1
2015,NOT APPLICABLE,3WT,1
2015,NOT APPLICABLE,4WIC,0
2015,NOT APPLICABLE,HGV,4
2015,NOT APPLICABLE,HMV,39
2015,NOT APPLICABLE,HPV,0
2015,NOT APPLICABLE,LGV,258
2015,NOT APPLICABLE,LMV,609
2015,NOT APPLICABLE,LPV,2
2015,NOT APPLICABLE,MGV,2
2015,NOT APPLICABLE,MMV,11
2015,NOT APPLICABLE,MPV,0
2015,NOT APPLICABLE,OTH,11
2015,PETROL,2WIC,844
2015,PETROL,2WN,1391948
2015,PETROL,2WT,2
2015,PETROL,3WIC,0
2015,PETROL,3WN,118
2015,PETROL,3WT,1599
2015,PETROL,4WIC,33
2015,PETROL,HGV,5
2015,PETROL,HMV,0
2015,PETROL,HPV,0
2015,PETROL,LGV,205
2015,PETROL,LMV,73434
2015,PETROL,LPV,492
2015,PETROL,MGV,0
2015,PETROL,MMV,1
2015,PETROL,MPV,0
2015,PETROL,OTH,13
2015,PETROL/CNG,2WIC,0
2015,PETROL/CNG,2WN,0
2015,PETROL/CNG,2WT,0
2015,PETROL/CNG,3WIC,0
2015,PETROL/CNG,3WN,2
2015,PETROL/CNG,3WT,20
2015,PETROL/CNG,4WIC,0
2015,PETROL/CNG,HGV,0
2015,PETROL/CNG,HMV,0
2015,PETROL/CNG,HPV,0
2015,PETROL/CNG,LGV,4
2015,PETROL/CNG,LMV,163
2015,PETROL/CNG,LPV,4
2015,PETROL/CNG,MGV,0
2015,PETROL/CNG,MMV,0
2015,PETROL/CNG,MPV,0
2015,PETROL/CNG,OTH,0
2015,PETROL/LPG,2WIC,2
2015,PETROL/LPG,2WN,196
2015,PETROL/LPG,2WT,0
2015,PETROL/LPG,3WIC,0
2015,PETROL/LPG,3WN,167
2015,PETROL/LPG,3WT,8484
2015,PETROL/LPG,4WIC,3
2015,PETROL/LPG,HGV,0
2015,PETROL/LPG,HMV,1
2015,PETROL/LPG,HPV,0
2015,PETROL/LPG,LGV,6
2015,PETROL/LPG,LMV,3180
2015,PETROL/LPG,LPV,207
2015,PETROL/LPG,MGV,0
2015,PETROL/LPG,MMV,0
2015,PETROL/LPG,MPV,0
2015,PETROL/LPG,OTH,0
2016,CNG ONLY,2WIC,0
2016,CNG ONLY,2WN,0
2016,CNG ONLY,2WT,0
2016,CNG ONLY,3WIC,0
2016,CNG ONLY,3WN,0
2016,CNG ONLY,3WT,1
2016,CNG ONLY,4WIC,0
2016,CNG ONLY,HGV,0
2016,CNG ONLY,HMV,0
2016,CNG ONLY,HPV,26
2016,CNG ONLY,LGV,1
2016,CNG ONLY,LMV,1
2016,CNG ONLY,LPV,0
2016,CNG ONLY,MGV,0
2016,CNG ONLY,MMV,0
2016,CNG ONLY,MPV,0
2016,CNG ONLY,OTH,0
2016,DIESEL,2WIC,1
2016,DIESEL,2WN,295
2016,DIESEL,2WT,0
2016,DIESEL,3WIC,0
2016,DIESEL,3WN,83
2016,DIESEL,3WT,12179
2016,DIESEL,4WIC,11
2016,DIESEL,HGV,19376
2016,DIESEL,HMV,514
2016,DIESEL,HPV,3165
2016,DIESEL,LGV,25260
2016,DIESEL,LMV,95409
2016,DIESEL,LPV,17366
2016,DIESEL,MGV,3071
2016,DIESEL,MMV,633
2016,DIESEL,MPV,1771
2016,DIESEL,OTH,1705
2016,DIESEL/HYBRID,2WIC,0
2016,DIESEL/HYBRID,2WN,0
2016,DIESEL/HYBRID,2WT,0
2016,DIESEL/HYBRID,3WIC,0
2016,DIESEL/HYBRID,3WN,0
2016,DIESEL/HYBRID,3WT,0
2016,DIESEL/HYBRID,4WIC,0
2016,DIESEL/HYBRID,HGV,0
2016,DIESEL/HYBRID,HMV,0
2016,DIESEL/HYBRID,HPV,0
2016,DIESEL/HYBRID,LGV,0
2016,DIESEL/HYBRID,LMV,13
2016,DIESEL/HYBRID,LPV,0
2016,DIESEL/HYBRID,MGV,0
2016,DIESEL/HYBRID,MMV,0
2016,DIESEL/HYBRID,MPV,1
2016,DIESEL/HYBRID,OTH,0
2016,ELECTRIC(BOV),2WIC,0
2016,ELECTRIC(BOV),2WN,10
2016,ELECTRIC(BOV),2WT,0
2016,ELECTRIC(BOV),3WIC,0
2016,ELECTRIC(BOV),3WN,0
2016,ELECTRIC(BOV),3WT,0
2016,ELECTRIC(BOV),4WIC,0
2016,ELECTRIC(BOV),HGV,0
2016,ELECTRIC(BOV),HMV,1
2016,ELECTRIC(BOV),HPV,0
2016,ELECTRIC(BOV),LGV,7
2016,ELECTRIC(BOV),LMV,55
2016,ELECTRIC(BOV),LPV,1
2016,ELECTRIC(BOV),MGV,1
2016,ELECTRIC(BOV),MMV,1
2016,ELECTRIC(BOV),MPV,0
2016,ELECTRIC(BOV),OTH,0
2016,LPG ONLY,2WIC,0
2016,LPG ONLY,2WN,17
2016,LPG ONLY,2WT,0
2016,LPG ONLY,3WIC,0
2016,LPG ONLY,3WN,1
2016,LPG ONLY,3WT,159
2016,LPG ONLY,4WIC,0
2016,LPG ONLY,HGV,0
2016,LPG ONLY,HMV,0
2016,LPG ONLY,HPV,0
2016,LPG ONLY,LGV,1
2016,LPG ONLY,LMV,65
2016,LPG ONLY,LPV,1
2016,LPG ONLY,MGV,0
2016,LPG ONLY,MMV,0
2016,LPG ONLY,MPV,0
2016,LPG ONLY,OTH,0
2016,NOT APPLICABLE,2WIC,0
2016,NOT APPLICABLE,2WN,400
2016,NOT APPLICABLE,2WT,0
2016,NOT APPLICABLE,3WIC,0
2016,NOT APPLICABLE,3WN,0
2016,NOT APPLICABLE,3WT,0
2016,NOT APPLICABLE,4WIC,0
2016,NOT APPLICABLE,HGV,2
2016,NOT APPLICABLE,HMV,37
2016,NOT APPLICABLE,HPV,0
2016,NOT APPLICABLE,LGV,177
2016,NOT APPLICABLE,LMV,635
2016,NOT APPLICABLE,LPV,1
2016,NOT APPLICABLE,MGV,1
2016,NOT APPLICABLE,MMV,6
2016,NOT APPLICABLE,MPV,0
2016,NOT APPLICABLE,OTH,12
2016,PETROL,2WIC,982
2016,PETROL,2WN,1409669
2016,PETROL,2WT,0
2016,PETROL,3WIC,0
2016,PETROL,3WN,114
2016,PETROL,3WT,1297
2016,PETROL,4WIC,49
2016,PETROL,HGV,1
2016,PETROL,HMV,1
2016,PETROL,HPV,1
2016,PETROL,LGV,215
2016,PETROL,LMV,85404
2016,PETROL,LPV,525
2016,PETROL,MGV,1
2016,PETROL,MMV,1
2016,PETROL,MPV,1
2016,PETROL,OTH,20
2016,PETROL/CNG,2WIC,0
2016,PETROL/CNG,2WN,0
2016,PETROL/CNG,2WT,0
2016,PETROL/CNG,3WIC,0
2016,PETROL/CNG,3WN,1
2016,PETROL/CNG,3WT,25
2016,PETROL/CNG,4WIC,0
2016,PETROL/CNG,HGV,0
2016,PETROL/CNG,HMV,0
2016,PETROL/CNG,HPV,0
2016,PETROL/CNG,LGV,1
2016,PETROL/CNG,LMV,195
2016,PETROL/CNG,LPV,1
2016,PETROL/CNG,MGV,0
2016,PETROL/CNG,MMV,0
2016,PETROL/CNG,MPV,0
2016,PETROL/CNG,OTH,0
2016,PETROL/HYBRID,2WIC,0
2016,PETROL/HYBRID,2WN,0
2016,PETROL/HYBRID,2WT,0
2016,PETROL/HYBRID,3WIC,0
2016,PETROL/HYBRID,3WN,0
2016,PETROL/HYBRID,3WT,0
2016,PETROL/HYBRID,4WIC,0
2016,PETROL/HYBRID,HGV,0
2016,PETROL/HYBRID,HMV,0
2016,PETROL/HYBRID,HPV,0
2016,PETROL/HYBRID,LGV,0
2016,PETROL/HYBRID,LMV,2
2016,PETROL/HYBRID,LPV,0
2016,PETROL/HYBRID,MGV,0
2016,PETROL/HYBRID,MMV,0
2016,PETROL/HYBRID,MPV,0
2016,PETROL/HYBRID,OTH,0
2016,PETROL/LPG,2WIC,0
2016,PETROL/LPG,2WN,408
2016,PETROL/LPG,2WT,0
2016,PETROL/LPG,3WIC,0
2016,PETROL/LPG,3WN,92
2016,PETROL/LPG,3WT,4687
2016,PETROL/LPG,4WIC,3
2016,PETROL/LPG,HGV,0
2016,PETROL/LPG,HMV,0
2016,PETROL/LPG,HPV,0
2016,PETROL/LPG,LGV,11
2016,PETROL/LPG,LMV,2450
2016,PETROL/LPG,LPV,188
2016,PETROL/LPG,MGV,0
2016,PETROL/LPG,MMV,0
2016,PETROL/LPG,MPV,0
2016,PETROL/LPG,OTH,0
2017,CNG ONLY,2WIC,0
2017,CNG ONLY,2WN,0
2017,CNG ONLY,2WT,0
2017,CNG ONLY,3WIC,0
2017,CNG ONLY,3WN,0
2017,CNG ONLY,3WT,5
2017,CNG ONLY,4WIC,0
2017,CNG ONLY,HGV,2
2017,CNG ONLY,HMV,0
2017,CNG ONLY,HPV,16
2017,CNG ONLY,LGV,1
2017,CNG ONLY,LMV,1
2017,CNG ONLY,LPV,0
2017,CNG ONLY,MGV,12
2017,CNG ONLY,MMV,0
2017,CNG ONLY,MPV,0
2017,CNG ONLY,OTH,0
2017,DIESEL,2WIC,1
2017,DIESEL,2WN,167
2017,DIESEL,2WT,0
2017,DIESEL,3WIC,0
2017,DIESEL,3WN,63
2017,DIESEL,3WT,12124
2017,DIESEL,4WIC,10
2017,DIESEL,HGV,17384
2017,DIESEL,HMV,596
2017,DIESEL,HPV,2869
2017,DIESEL,LGV,31256
2017,DIESEL,LMV,101358
2017,DIESEL,LPV,21955
2017,DIESEL,MGV,3645
2017,DIESEL,MMV,907
2017,DIESEL,MPV,2083
2017,DIESEL,OTH,2372
2017,DIESEL/HYBRID,2WIC,0
2017,DIESEL/HYBRID,2WN,0
2017,DIESEL/HYBRID,2WT,0
2017,DIESEL/HYBRID,3WIC,0
2017,DIESEL/HYBRID,3WN,0
2017,DIESEL/HYBRID,3WT,0
2017,DIESEL/HYBRID,4WIC,0
2017,DIESEL/HYBRID,HGV,0
2017,DIESEL/HYBRID,HMV,0
2017,DIESEL/HYBRID,HPV,0
2017,DIESEL/HYBRID,LGV,0
2017,DIESEL/HYBRID,LMV,46
2017,DIESEL/HYBRID,LPV,3
2017,DIESEL/HYBRID,MGV,0
2017,DIESEL/HYBRID,MMV,0
2017,DIESEL/HYBRID,MPV,0
2017,DIESEL/HYBRID,OTH,0
2017,ELECTRIC(BOV),2WIC,0
2017,ELECTRIC(BOV),2WN,13
2017,ELECTRIC(BOV),2WT,0
2017,ELECTRIC(BOV),3WIC,0
2017,ELECTRIC(BOV),3WN,0
2017,ELECTRIC(BOV),3WT,2
2017,ELECTRIC(BOV),4WIC,0
2017,ELECTRIC(BOV),HGV,0
2017,ELECTRIC(BOV),HMV,8
2017,ELECTRIC(BOV),HPV,0
2017,ELECTRIC(BOV),LGV,11
2017,ELECTRIC(BOV),LMV,50
2017,ELECTRIC(BOV),LPV,1
2017,ELECTRIC(BOV),MGV,0
2017,ELECTRIC(BOV),MMV,0
2017,ELECTRIC(BOV),MPV,0
2017,ELECTRIC(BOV),OTH,1
2017,LPG ONLY,2WIC,0
2017,LPG ONLY,2WN,4
2017,LPG ONLY,2WT,0
2017,LPG ONLY,3WIC,0
2017,LPG ONLY,3WN,2
2017,LPG ONLY,3WT,46
2017,LPG ONLY,4WIC,1
2017,LPG ONLY,HGV,0
2017,LPG ONLY,HMV,0
2017,LPG ONLY,HPV,0
2017,LPG ONLY,LGV,1
2017,LPG ONLY,LMV,118
2017,LPG ONLY,LPV,3
2017,LPG ONLY,MGV,0
2017,LPG ONLY,MMV,0
2017,LPG ONLY,MPV,0
2017,LPG ONLY,OTH,0
2017,NOT APPLICABLE,2WIC,0
2017,NOT APPLICABLE,2WN,1673
2017,NOT APPLICABLE,2WT,0
2017,NOT APPLICABLE,3WIC,0
2017,NOT APPLICABLE,3WN,1
2017,NOT APPLICABLE,3WT,1
2017,NOT APPLICABLE,4WIC,0
2017,NOT APPLICABLE,HGV,1
2017,NOT APPLICABLE,HMV,37
2017,NOT APPLICABLE,HPV,0
2017,NOT APPLICABLE,LGV,114
2017,NOT APPLICABLE,LMV,702
2017,NOT APPLICABLE,LPV,0
2017,NOT APPLICABLE,MGV,0
2017,NOT APPLICABLE,MMV,2
2017,NOT APPLICABLE,MPV,0
2017,NOT APPLICABLE,OTH,5
2017,PETROL,2WIC,913
2017,PETROL,2WN,1592103
2017,PETROL,2WT,0
2017,PETROL,3WIC,0
2017,PETROL,3WN,118
2017,PETROL,3WT,1271
2017,PETROL,4WIC,83
2017,PETROL,HGV,4
2017,PETROL,HMV,0
2017,PETROL,HPV,1
2017,PETROL,LGV,109
2017,PETROL,LMV,105629
2017,PETROL,LPV,465
2017,PETROL,MGV,0
2017,PETROL,MMV,1
2017,PETROL,MPV,1
2017,PETROL,OTH,14
2017,PETROL/CNG,2WIC,0
2017,PETROL/CNG,2WN,0
2017,PETROL/CNG,2WT,0
2017,PETROL/CNG,3WIC,0
2017,PETROL/CNG,3WN,2
2017,PETROL/CNG,3WT,92
2017,PETROL/CNG,4WIC,0
2017,PETROL/CNG,HGV,0
2017,PETROL/CNG,HMV,0
2017,PETROL/CNG,HPV,0
2017,PETROL/CNG,LGV,0
2017,PETROL/CNG,LMV,270
2017,PETROL/CNG,LPV,2
2017,PETROL/CNG,MGV,0
2017,PETROL/CNG,MMV,0
2017,PETROL/CNG,MPV,0
2017,PETROL/CNG,OTH,0
2017,PETROL/ETHANOL,2WIC,0
2017,PETROL/ETHANOL,2WN,1
2017,PETROL/ETHANOL,2WT,0
2017,PETROL/ETHANOL,3WIC,0
2017,PETROL/ETHANOL,3WN,0
2017,PETROL/ETHANOL,3WT,0
2017,PETROL/ETHANOL,4WIC,0
2017,PETROL/ETHANOL,HGV,0
2017,PETROL/ETHANOL,HMV,0
2017,PETROL/ETHANOL,HPV,0
2017,PETROL/ETHANOL,LGV,0
2017,PETROL/ETHANOL,LMV,0
2017,PETROL/ETHANOL,LPV,0
2017,PETROL/ETHANOL,MGV,0
2017,PETROL/ETHANOL,MMV,0
2017,PETROL/ETHANOL,MPV,0
2017,PETROL/ETHANOL,OTH,0
2017,PETROL/HYBRID,2WIC,0
2017,PETROL/HYBRID,2WN,0
2017,PETROL/HYBRID,2WT,0
2017,PETROL/HYBRID,3WIC,0
2017,PETROL/HYBRID,3WN,0
2017,PETROL/HYBRID,3WT,0
2017,PETROL/HYBRID,4WIC,0
2017,PETROL/HYBRID,HGV,0
2017,PETROL/HYBRID,HMV,0
2017,PETROL/HYBRID,HPV,0
2017,PETROL/HYBRID,LGV,0
2017,PETROL/HYBRID,LMV,3
2017,PETROL/HYBRID,LPV,1
2017,PETROL/HYBRID,MGV,0
2017,PETROL/HYBRID,MMV,0
2017,PETROL/HYBRID,MPV,0
2017,PETROL/HYBRID,OTH,0
2017,PETROL/LPG,2WIC,0
2017,PETROL/LPG,2WN,51
2017,PETROL/LPG,2WT,0
2017,PETROL/LPG,3WIC,0
2017,PETROL/LPG,3WN,119
2017,PETROL/LPG,3WT,11476
2017,PETROL/LPG,4WIC,1
2017,PETROL/LPG,HGV,0
2017,PETROL/LPG,HMV,0
2017,PETROL/LPG,HPV,0
2017,PETROL/LPG,LGV,19
2017,PETROL/LPG,LMV,3056
2017,PETROL/LPG,LPV,356
2017,PETROL/LPG,MGV,0
2017,PETROL/LPG,MMV,0
2017,PETROL/LPG,MPV,0
2017,PETROL/LPG,OTH,0
2017,PURE EV,2WIC,0
2017,PURE EV,2WN,0
2017,PURE EV,2WT,0
2017,PURE EV,3WIC,0
2017,PURE EV,3WN,0
2017,PURE EV,3WT,0
2017,PURE EV,4WIC,0
2017,PURE EV,HGV,0
2017,PURE EV,HMV,0
2017,PURE EV,HPV,0
2017,PURE EV,LGV,1
2017,PURE EV,LMV,0
2017,PURE EV,LPV,0
2017,PURE EV,MGV,0
2017,PURE EV,MMV,0
2017,PURE EV,MPV,0
2017,PURE EV,OTH,0
2018,CNG ONLY,2WIC,0
2018,CNG ONLY,2WN,0
2018,CNG ONLY,2WT,0
2018,CNG ONLY,3WIC,0
2018,CNG ONLY,3WN,0
2018,CNG ONLY,3WT,7
2018,CNG ONLY,4WIC,0
2018,CNG ONLY,HGV,2
2018,CNG ONLY,HMV,0
2018,CNG ONLY,HPV,9
2018,CNG ONLY,LGV,0
2018,CNG ONLY,LMV,1
2018,CNG ONLY,LPV,0
2018,CNG ONLY,MGV,4
2018,CNG ONLY,MMV,0
2018,CNG ONLY,MPV,0
2018,CNG ONLY,OTH,0
2018,DIESEL,2WIC,1
2018,DIESEL,2WN,184
2018,DIESEL,2WT,0
2018,DIESEL,3WIC,0
2018,DIESEL,3WN,62
2018,DIESEL,3WT,12752
2018,DIESEL,4WIC,27
2018,DIESEL,HGV,15803
2018,DIESEL,HMV,500
2018,DIESEL,HPV,1594
2018,DIESEL,LGV,36881
2018,DIESEL,LMV,105345
2018,DIESEL,LPV,17314
2018,DIESEL,MGV,3439
2018,DIESEL,MMV,1122
2018,DIESEL,MPV,2021
2018,DIESEL,OTH,3125
2018,DIESEL/HYBRID,2WIC,0
2018,DIESEL/HYBRID,2WN,0
2018,DIESEL/HYBRID,2WT,0
2018,DIESEL/HYBRID,3WIC,0
2018,DIESEL/HYBRID,3WN,0
2018,DIESEL/HYBRID,3WT,1
2018,DIESEL/HYBRID,4WIC,0
2018,DIESEL/HYBRID,HGV,0
2018,DIESEL/HYBRID,HMV,0
2018,DIESEL/HYBRID,HPV,0
2018,DIESEL/HYBRID,LGV,9
2018,DIESEL/HYBRID,LMV,208
2018,DIESEL/HYBRID,LPV,9
2018,DIESEL/HYBRID,MGV,1
2018,DIESEL/HYBRID,MMV,0
2018,DIESEL/HYBRID,MPV,0
2018,DIESEL/HYBRID,OTH,0
2018,DUAL DIESEL/CNG,2WIC,0
2018,DUAL DIESEL/CNG,2WN,0
2018,DUAL DIESEL/CNG,2WT,0
2018,DUAL DIESEL/CNG,3WIC,0
2018,DUAL DIESEL/CNG,3WN,0
2018,DUAL DIESEL/CNG,3WT,0
2018,DUAL DIESEL/CNG,4WIC,0
2018,DUAL DIESEL/CNG,HGV,0
2018,DUAL DIESEL/CNG,HMV,0
2018,DUAL DIESEL/CNG,HPV,2
2018,DUAL DIESEL/CNG,LGV,0
2018,DUAL DIESEL/CNG,LMV,0
2018,DUAL DIESEL/CNG,LPV,0
2018,DUAL DIESEL/CNG,MGV,0
2018,DUAL DIESEL/CNG,MMV,0
2018,DUAL DIESEL/CNG,MPV,0
2018,DUAL DIESEL/CNG,OTH,0
2018,ELECTRIC(BOV),2WIC,0
2018,ELECTRIC(BOV),2WN,46
2018,ELECTRIC(BOV),2WT,0
2018,ELECTRIC(BOV),3WIC,0
2018,ELECTRIC(BOV),3WN,1
2018,ELECTRIC(BOV),3WT,0
2018,ELECTRIC(BOV),4WIC,0
2018,ELECTRIC(BOV),HGV,0
2018,ELECTRIC(BOV),HMV,1
2018,ELECTRIC(BOV),HPV,0
2018,ELECTRIC(BOV),LGV,5
2018,ELECTRIC(BOV),LMV,67
2018,ELECTRIC(BOV),LPV,2
2018,ELECTRIC(BOV),MGV,0
2018,ELECTRIC(BOV),MMV,0
2018,ELECTRIC(BOV),MPV,0
2018,ELECTRIC(BOV),OTH,0
2018,LPG ONLY,2WIC,0
2018,LPG ONLY,2WN,5
2018,LPG ONLY,2WT,0
2018,LPG ONLY,3WIC,0
2018,LPG ONLY,3WN,8
2018,LPG ONLY,3WT,15
2018,LPG ONLY,4WIC,0
2018,LPG ONLY,HGV,0
2018,LPG ONLY,HMV,1
2018,LPG ONLY,HPV,0
2018,LPG ONLY,LGV,1
2018,LPG ONLY,LMV,122
2018,LPG ONLY,LPV,0
2018,LPG ONLY,MGV,0
2018,LPG ONLY,MMV,0
2018,LPG ONLY,MPV,0
2018,LPG ONLY,OTH,0
2018,NOT APPLICABLE,2WIC,0
2018,NOT APPLICABLE,2WN,325
2018,NOT APPLICABLE,2WT,0
2018,NOT APPLICABLE,3WIC,0
2018,NOT APPLICABLE,3WN,0
2018,NOT APPLICABLE,3WT,1
2018,NOT APPLICABLE,4WIC,0
2018,NOT APPLICABLE,HGV,0
2018,NOT APPLICABLE,HMV,7
2018,NOT APPLICABLE,HPV,0
2018,NOT APPLICABLE,LGV,120
2018,NOT APPLICABLE,LMV,691
2018,NOT APPLICABLE,LPV,0
2018,NOT APPLICABLE,MGV,0
2018,NOT APPLICABLE,MMV,3
2018,NOT APPLICABLE,MPV,0
2018,NOT APPLICABLE,OTH,0
2018,PETROL,2WIC,1324
2018,PETROL,2WN,1601689
2018,PETROL,2WT,0
2018,PETROL,3WIC,0
2018,PETROL,3WN,33
2018,PETROL,3WT,701
2018,PETROL,4WIC,92
2018,PETROL,HGV,0
2018,PETROL,HMV,1
2018,PETROL,HPV,0
2018,PETROL,LGV,66
2018,PETROL,LMV,116873
2018,PETROL,LPV,463
2018,PETROL,MGV,0
2018,PETROL,MMV,4
2018,PETROL,MPV,1
2018,PETROL,OTH,12
2018,PETROL/CNG,2WIC,0
2018,PETROL/CNG,2WN,0
2018,PETROL/CNG,2WT,0
2018,PETROL/CNG,3WIC,0
2018,PETROL/CNG,3WN,0
2018,PETROL/CNG,3WT,117
2018,PETROL/CNG,4WIC,4
2018,PETROL/CNG,HGV,0
2018,PETROL/CNG,HMV,0
2018,PETROL/CNG,HPV,0
2018,PETROL/CNG,LGV,0
2018,PETROL/CNG,LMV,321
2018,PETROL/CNG,LPV,10
2018,PETROL/CNG,MGV,0
2018,PETROL/CNG,MMV,0
2018,PETROL/CNG,MPV,0
2018,PETROL/CNG,OTH,0
2018,PETROL/HYBRID,2WIC,0
2018,PETROL/HYBRID,2WN,0
2018,PETROL/HYBRID,2WT,0
2018,PETROL/HYBRID,3WIC,0
2018,PETROL/HYBRID,3WN,0
2018,PETROL/HYBRID,3WT,2
2018,PETROL/HYBRID,4WIC,0
2018,PETROL/HYBRID,HGV,0
2018,PETROL/HYBRID,HMV,0
2018,PETROL/HYBRID,HPV,0
2018,PETROL/HYBRID,LGV,0
2018,PETROL/HYBRID,LMV,11
2018,PETROL/HYBRID,LPV,0
2018,PETROL/HYBRID,MGV,0
2018,PETROL/HYBRID,MMV,0
2018,PETROL/HYBRID,MPV,0
2018,PETROL/HYBRID,OTH,0
2018,PETROL/LPG,2WIC,0
2018,PETROL/LPG,2WN,71
2018,PETROL/LPG,2WT,0
2018,PETROL/LPG,3WIC,0
2018,PETROL/LPG,3WN,149
2018,PETROL/LPG,3WT,12676
2018,PETROL/LPG,4WIC,7
2018,PETROL/LPG,HGV,0
2018,PETROL/LPG,HMV,0
2018,PETROL/LPG,HPV,0
2018,PETROL/LPG,LGV,7
2018,PETROL/LPG,LMV,2573
2018,PETROL/LPG,LPV,338
2018,PETROL/LPG,MGV,0
2018,PETROL/LPG,MMV,0
2018,PETROL/LPG,MPV,0
2018,PETROL/LPG,OTH,0
2019,CNG ONLY,2WIC,0
2019,CNG ONLY,2WN,0
2019,CNG ONLY,2WT,0
2019,CNG ONLY,3WIC,0
2019,CNG ONLY,3WN,0
2019,CNG ONLY,3WT,23
2019,CNG ONLY,4WIC,0
2019,CNG ONLY,HGV,0
2019,CNG ONLY,HMV,0
2019,CNG ONLY,HPV,5
2019,CNG ONLY,LGV,1
2019,CNG ONLY,LMV,5
2019,CNG ONLY,LPV,0
2019,CNG ONLY,MGV,13
2019,CNG ONLY,MMV,0
2019,CNG ONLY,MPV,0
2019,CNG ONLY,OTH,0
2019,DIESEL,2WIC,1
2019,DIESEL,2WN,33
2019,DIESEL,2WT,0
2019,DIESEL,3WIC,0
2019,DIESEL,3WN,51
2019,DIESEL,3WT,17184
2019,DIESEL,4WIC,32
2019,DIESEL,HGV,19927
2019,DIESEL,HMV,466
2019,DIESEL,HPV,3573
2019,DIESEL,LGV,49686
2019,DIESEL,LMV,99227
2019,DIESEL,LPV,19101
2019,DIESEL,MGV,5550
2019,DIESEL,MMV,2075
2019,DIESEL,MPV,2128
2019,DIESEL,OTH,4200
2019,DIESEL/HYBRID,2WIC,0
2019,DIESEL/HYBRID,2WN,0
2019,DIESEL/HYBRID,2WT,0
2019,DIESEL/HYBRID,3WIC,0
2019,DIESEL/HYBRID,3WN,0
2019,DIESEL/HYBRID,3WT,0
2019,DIESEL/HYBRID,4WIC,0
2019,DIESEL/HYBRID,HGV,1
2019,DIESEL/HYBRID,HMV,0
2019,DIESEL/HYBRID,HPV,0
2019,DIESEL/HYBRID,LGV,3
2019,DIESEL/HYBRID,LMV,4900
2019,DIESEL/HYBRID,LPV,52
2019,DIESEL/HYBRID,MGV,0
2019,DIESEL/HYBRID,MMV,0
2019,DIESEL/HYBRID,MPV,0
2019,DIESEL/HYBRID,OTH,2
2019,ELECTRIC(BOV),2WIC,1
2019,ELECTRIC(BOV),2WN,2146
2019,ELECTRIC(BOV),2WT,0
2019,ELECTRIC(BOV),3WIC,0
2019,ELECTRIC(BOV),3WN,0
2019,ELECTRIC(BOV),3WT,1
2019,ELECTRIC(BOV),4WIC,0
2019,ELECTRIC(BOV),HGV,0
2019,ELECTRIC(BOV),HMV,0
2019,ELECTRIC(BOV),HPV,0
2019,ELECTRIC(BOV),LGV,3
2019,ELECTRIC(BOV),LMV,51
2019,ELECTRIC(BOV),LPV,7
2019,ELECTRIC(BOV),MGV,0
2019,ELECTRIC(BOV),MMV,0
2019,ELECTRIC(BOV),MPV,0
2019,ELECTRIC(BOV),OTH,0
2019,LPG ONLY,2WIC,0
2019,LPG ONLY,2WN,5
2019,LPG ONLY,2WT,0
2019,LPG ONLY,3WIC,0
2019,LPG ONLY,3WN,2
2019,LPG ONLY,3WT,15
2019,LPG ONLY,4WIC,0
2019,LPG ONLY,HGV,0
2019,LPG ONLY,HMV,0
2019,LPG ONLY,HPV,0
2019,LPG ONLY,LGV,0
2019,LPG ONLY,LMV,55
2019,LPG ONLY,LPV,5
2019,LPG ONLY,MGV,0
2019,LPG ONLY,MMV,0
2019,LPG ONLY,MPV,0
2019,LPG ONLY,OTH,0
2019,NOT APPLICABLE,2WIC,0
2019,NOT APPLICABLE,2WN,428
2019,NOT APPLICABLE,2WT,0
2019,NOT APPLICABLE,3WIC,0
2019,NOT APPLICABLE,3WN,0
2019,NOT APPLICABLE,3WT,2
2019,NOT APPLICABLE,4WIC,0
2019,NOT APPLICABLE,HGV,68
2019,NOT APPLICABLE,HMV,0
2019,NOT APPLICABLE,HPV,0
2019,NOT APPLICABLE,LGV,29
2019,NOT APPLICABLE,LMV,193
2019,NOT APPLICABLE,LPV,1
2019,NOT APPLICABLE,MGV,0
2019,NOT APPLICABLE,MMV,0
2019,NOT APPLICABLE,MPV,0
2019,NOT APPLICABLE,OTH,1
2019,PETROL,2WIC,4021
2019,PETROL,2WN,1769366
2019,PETROL,2WT,0
2019,PETROL,3WIC,0
2019,PETROL,3WN,22
2019,PETROL,3WT,614
2019,PETROL,4WIC,122
2019,PETROL,HGV,0
2019,PETROL,HMV,0
2019,PETROL,HPV,0
2019,PETROL,LGV,58
2019,PETROL,LMV,115522
2019,PETROL,LPV,512
2019,PETROL,MGV,0
2019,PETROL,MMV,0
2019,PETROL,MPV,1
2019,PETROL,OTH,7
2019,PETROL/CNG,2WIC,0
2019,PETROL/CNG,2WN,0
2019,PETROL/CNG,2WT,0
2019,PETROL/CNG,3WIC,0
2019,PETROL/CNG,3WN,1
2019,PETROL/CNG,3WT,197
2019,PETROL/CNG,4WIC,3
2019,PETROL/CNG,HGV,0
2019,PETROL/CNG,HMV,0
2019,PETROL/CNG,HPV,0
2019,PETROL/CNG,LGV,0
2019,PETROL/CNG,LMV,367
2019,PETROL/CNG,LPV,21
2019,PETROL/CNG,MGV,0
2019,PETROL/CNG,MMV,0
2019,PETROL/CNG,MPV,0
2019,PETROL/CNG,OTH,0
2019,PETROL(E20)/CNG,2WIC,0
2019,PETROL(E20)/CNG,2WN,0
2019,PETROL(E20)/CNG,2WT,0
2019,PETROL(E20)/CNG,3WIC,0
2019,PETROL(E20)/CNG,3WN,0
2019,PETROL(E20)/CNG,3WT,0
2019,PETROL(E20)/CNG,4WIC,0
2019,PETROL(E20)/CNG,HGV,0
2019,PETROL(E20)/CNG,HMV,0
2019,PETROL(E20)/CNG,HPV,0
2019,PETROL(E20)/CNG,LGV,0
2019,PETROL(E20)/CNG,LMV,1
2019,PETROL(E20)/CNG,LPV,0
2019,PETROL(E20)/CNG,MGV,0
2019,PETROL(E20)/CNG,MMV,0
2019,PETROL(E20)/CNG,MPV,0
2019,PETROL(E20)/CNG,OTH,0
2019,PETROL/ETHANOL,2WIC,0
2019,PETROL/ETHANOL,2WN,1
2019,PETROL/ETHANOL,2WT,0
2019,PETROL/ETHANOL,3WIC,0
2019,PETROL/ETHANOL,3WN,0
2019,PETROL/ETHANOL,3WT,0
2019,PETROL/ETHANOL,4WIC,0
2019,PETROL/ETHANOL,HGV,0
2019,PETROL/ETHANOL,HMV,0
2019,PETROL/ETHANOL,HPV,0
2019,PETROL/ETHANOL,LGV,0
2019,PETROL/ETHANOL,LMV,0
2019,PETROL/ETHANOL,LPV,0
2019,PETROL/ETHANOL,MGV,0
2019,PETROL/ETHANOL,MMV,0
2019,PETROL/ETHANOL,MPV,0
2019,PETROL/ETHANOL,OTH,0
2019,PETROL/HYBRID,2WIC,0
2019,PETROL/HYBRID,2WN,0
2019,PETROL/HYBRID,2WT,0
2019,PETROL/HYBRID,3WIC,0
2019,PETROL/HYBRID,3WN,0
2019,PETROL/HYBRID,3WT,4
2019,PETROL/HYBRID,4WIC,0
2019,PETROL/HYBRID,HGV,0
2019,PETROL/HYBRID,HMV,0
2019,PETROL/HYBRID,HPV,0
2019,PETROL/HYBRID,LGV,0
2019,PETROL/HYBRID,LMV,2442
2019,PETROL/HYBRID,LPV,8
2019,PETROL/HYBRID,MGV,0
2019,PETROL/HYBRID,MMV,0
2019,PETROL/HYBRID,MPV,0
2019,PETROL/HYBRID,OTH,0
2019,PETROL/LPG,2WIC,0
2019,PETROL/LPG,2WN,16
2019,PETROL/LPG,2WT,0
2019,PETROL/LPG,3WIC,0
2019,PETROL/LPG,3WN,204
2019,PETROL/LPG,3WT,22032
2019,PETROL/LPG,4WIC,0
2019,PETROL/LPG,HGV,0
2019,PETROL/LPG,HMV,0
2019,PETROL/LPG,HPV,0
2019,PETROL/LPG,LGV,5
2019,PETROL/LPG,LMV,2330
2019,PETROL/LPG,LPV,461
2019,PETROL/LPG,MGV,0
2019,PETROL/LPG,MMV,0
2019,PETROL/LPG,MPV,0
2019,PETROL/LPG,OTH,0
2019,PURE EV,2WIC,0
2019,PURE EV,2WN,0
2019,PURE EV,2WT,0
2019,PURE EV,3WIC,0
2019,PURE EV,3WN,0
2019,PURE EV,3WT,0
2019,PURE EV,4WIC,0
2019,PURE EV,HGV,0
2019,PURE EV,HMV,0
2019,PURE EV,HPV,0
2019,PURE EV,LGV,1
2019,PURE EV,LMV,0
2019,PURE EV,LPV,0
2019,PURE EV,MGV,0
2019,PURE EV,MMV,0
2019,PURE EV,MPV,0
2019,PURE EV,OTH,0
2020,CNG ONLY,2WIC,0
2020,CNG ONLY,2WN,0
2020,CNG ONLY,2WT,0
2020,CNG ONLY,3WIC,0
2020,CNG ONLY,3WN,0
2020,CNG ONLY,3WT,14
2020,CNG ONLY,4WIC,0
2020,CNG ONLY,HGV,0
2020,CNG ONLY,HMV,0
2020,CNG ONLY,HPV,12
2020,CNG ONLY,LGV,3
2020,CNG ONLY,LMV,4
2020,CNG ONLY,LPV,1
2020,CNG ONLY,MGV,2
2020,CNG ONLY,MMV,0
2020,CNG ONLY,MPV,0
2020,CNG ONLY,OTH,0
2020,DIESEL,2WIC,0
2020,DIESEL,2WN,0
2020,DIESEL,2WT,0
2020,DIESEL,3WIC,0
2020,DIESEL,3WN,59
2020,DIESEL,3WT,17508
2020,DIESEL,4WIC,30
2020,DIESEL,HGV,15116
2020,DIESEL,HMV,470
2020,DIESEL,HPV,6617
2020,DIESEL,LGV,46579
2020,DIESEL,LMV,83105
2020,DIESEL,LPV,16924
2020,DIESEL,MGV,5920
2020,DIESEL,MMV,2148
2020,DIESEL,MPV,2256
2020,DIESEL,OTH,3365
2020,DIESEL/HYBRID,2WIC,0
2020,DIESEL/HYBRID,2WN,0
2020,DIESEL/HYBRID,2WT,0
2020,DIESEL/HYBRID,3WIC,0
2020,DIESEL/HYBRID,3WN,0
2020,DIESEL/HYBRID,3WT,0
2020,DIESEL/HYBRID,4WIC,0
2020,DIESEL/HYBRID,HGV,0
2020,DIESEL/HYBRID,HMV,0
2020,DIESEL/HYBRID,HPV,1
2020,DIESEL/HYBRID,LGV,0
2020,DIESEL/HYBRID,LMV,2426
2020,DIESEL/HYBRID,LPV,10
2020,DIESEL/HYBRID,MGV,0
2020,DIESEL/HYBRID,MMV,0
2020,DIESEL/HYBRID,MPV,0
2020,DIESEL/HYBRID,OTH,0
2020,DUAL DIESEL/BIO CNG,2WIC,0
2020,DUAL DIESEL/BIO CNG,2WN,0
2020,DUAL DIESEL/BIO CNG,2WT,0
2020,DUAL DIESEL/BIO CNG,3WIC,0
2020,DUAL DIESEL/BIO CNG,3WN,0
2020,DUAL DIESEL/BIO CNG,3WT,0
2020,DUAL DIESEL/BIO CNG,4WIC,0
2020,DUAL DIESEL/BIO CNG,HGV,0
2020,DUAL DIESEL/BIO CNG,HMV,0
2020,DUAL DIESEL/BIO CNG,HPV,0
2020,DUAL DIESEL/BIO CNG,LGV,1
2020,DUAL DIESEL/BIO CNG,LMV,0
2020,DUAL DIESEL/BIO CNG,LPV,0
2020,DUAL DIESEL/BIO CNG,MGV,0
2020,DUAL DIESEL/BIO CNG,MMV,0
2020,DUAL DIESEL/BIO CNG,MPV,0
2020,DUAL DIESEL/BIO CNG,OTH,0
2020,ELECTRIC(BOV),2WIC,0
2020,ELECTRIC(BOV),2WN,4124
2020,ELECTRIC(BOV),2WT,0
2020,ELECTRIC(BOV),3WIC,0
2020,ELECTRIC(BOV),3WN,0
2020,ELECTRIC(BOV),3WT,0
2020,ELECTRIC(BOV),4WIC,0
2020,ELECTRIC(BOV),HGV,0
2020,ELECTRIC(BOV),HMV,0
2020,ELECTRIC(BOV),HPV,1
2020,ELECTRIC(BOV),LGV,2
2020,ELECTRIC(BOV),LMV,73
2020,ELECTRIC(BOV),LPV,0
2020,ELECTRIC(BOV),MGV,0
2020,ELECTRIC(BOV),MMV,0
2020,ELECTRIC(BOV),MPV,0
2020,ELECTRIC(BOV),OTH,0
2020,LPG ONLY,2WIC,0
2020,LPG ONLY,2WN,0
2020,LPG ONLY,2WT,0
2020,LPG ONLY,3WIC,0
2020,LPG ONLY,3WN,0
2020,LPG ONLY,3WT,1
2020,LPG ONLY,4WIC,0
2020,LPG ONLY,HGV,0
2020,LPG ONLY,HMV,0
2020,LPG ONLY,HPV,0
2020,LPG ONLY,LGV,0
2020,LPG ONLY,LMV,2
2020,LPG ONLY,LPV,1
2020,LPG ONLY,MGV,0
2020,LPG ONLY,MMV,0
2020,LPG ONLY,MPV,0
2020,LPG ONLY,OTH,0
2020,NOT APPLICABLE,2WIC,0
2020,NOT APPLICABLE,2WN,0
2020,NOT APPLICABLE,2WT,0
2020,NOT APPLICABLE,3WIC,0
2020,NOT APPLICABLE,3WN,0
2020,NOT APPLICABLE,3WT,0
2020,NOT APPLICABLE,4WIC,0
2020,NOT APPLICABLE,HGV,1
2020,NOT APPLICABLE,HMV,0
2020,NOT APPLICABLE,HPV,0
2020,NOT APPLICABLE,LGV,2
2020,NOT APPLICABLE,LMV,102
2020,NOT APPLICABLE,LPV,0
2020,NOT APPLICABLE,MGV,0
2020,NOT APPLICABLE,MMV,0
2020,NOT APPLICABLE,MPV,0
2020,NOT APPLICABLE,OTH,0
2020,PETROL,2WIC,3082
2020,PETROL,2WN,1568019
2020,PETROL,2WT,0
2020,PETROL,3WIC,0
2020,PETROL,3WN,24
2020,PETROL,3WT,480
2020,PETROL,4WIC,146
2020,PETROL,HGV,0
2020,PETROL,HMV,0
2020,PETROL,HPV,0
2020,PETROL,LGV,199
2020,PETROL,LMV,112700
2020,PETROL,LPV,1071
2020,PETROL,MGV,0
2020,PETROL,MMV,0
2020,PETROL,MPV,0
2020,PETROL,OTH,4
2020,PETROL/CNG,2WIC,0
2020,PETROL/CNG,2WN,0
2020,PETROL/CNG,2WT,0
2020,PETROL/CNG,3WIC,0
2020,PETROL/CNG,3WN,1
2020,PETROL/CNG,3WT,213
2020,PETROL/CNG,4WIC,2
2020,PETROL/CNG,HGV,0
2020,PETROL/CNG,HMV,0
2020,PETROL/CNG,HPV,0
2020,PETROL/CNG,LGV,4
2020,PETROL/CNG,LMV,482
2020,PETROL/CNG,LPV,71
2020,PETROL/CNG,MGV,0
2020,PETROL/CNG,MMV,0
2020,PETROL/CNG,MPV,0
2020,PETROL/CNG,OTH,0
2020,PETROL/HYBRID,2WIC,0
2020,PETROL/HYBRID,2WN,2
2020,PETROL/HYBRID,2WT,0
2020,PETROL/HYBRID,3WIC,0
2020,PETROL/HYBRID,3WN,0
2020,PETROL/HYBRID,3WT,0
2020,PETROL/HYBRID,4WIC,3
2020,PETROL/HYBRID,HGV,0
2020,PETROL/HYBRID,HMV,0
2020,PETROL/HYBRID,HPV,0
2020,PETROL/HYBRID,LGV,0
2020,PETROL/HYBRID,LMV,6797
2020,PETROL/HYBRID,LPV,10
2020,PETROL/HYBRID,MGV,0
2020,PETROL/HYBRID,MMV,0
2020,PETROL/HYBRID,MPV,0
2020,PETROL/HYBRID,OTH,0
2020,PETROL/LPG,2WIC,0
2020,PETROL/LPG,2WN,0
2020,PETROL/LPG,2WT,0
2020,PETROL/LPG,3WIC,0
2020,PETROL/LPG,3WN,218
2020,PETROL/LPG,3WT,25258
2020,PETROL/LPG,4WIC,1
2020,PETROL/LPG,HGV,0
2020,PETROL/LPG,HMV,0
2020,PETROL/LPG,HPV,0
2020,PETROL/LPG,LGV,11
2020,PETROL/LPG,LMV,1250
2020,PETROL/LPG,LPV,296
2020,PETROL/LPG,MGV,0
2020,PETROL/LPG,MMV,0
2020,PETROL/LPG,MPV,0
2020,PETROL/LPG,OTH,0
2021,CNG ONLY,2WIC,0
2021,CNG ONLY,2WN,0
2021,CNG ONLY,2WT,0
2021,CNG ONLY,3WIC,0
2021,CNG ONLY,3WN,0
2021,CNG ONLY,3WT,11
2021,CNG ONLY,4WIC,0
2021,CNG ONLY,HGV,4
2021,CNG ONLY,HMV,0
2021,CNG ONLY,HPV,0
2021,CNG ONLY,LGV,6
2021,CNG ONLY,LMV,5
2021,CNG ONLY,LPV,0
2021,CNG ONLY,MGV,3
2021,CNG ONLY,MMV,2
2021,CNG ONLY,MPV,0
2021,CNG ONLY,OTH,0
2021,DIESEL,2WIC,0
2021,DIESEL,2WN,0
2021,DIESEL,2WT,0
2021,DIESEL,3WIC,0
2021,DIESEL,3WN,39
2021,DIESEL,3WT,5654
2021,DIESEL,4WIC,3
2021,DIESEL,HGV,5772
2021,DIESEL,HMV,216
2021,DIESEL,HPV,196
2021,DIESEL,LGV,28081
2021,DIESEL,LMV,54542
2021,DIESEL,LPV,1563
2021,DIESEL,MGV,3445
2021,DIESEL,MMV,2095
2021,DIESEL,MPV,327
2021,DIESEL,OTH,4380
2021,DIESEL/HYBRID,2WIC,0
2021,DIESEL/HYBRID,2WN,0
2021,DIESEL/HYBRID,2WT,0
2021,DIESEL/HYBRID,3WIC,0
2021,DIESEL/HYBRID,3WN,0
2021,DIESEL/HYBRID,3WT,0
2021,DIESEL/HYBRID,4WIC,0
2021,DIESEL/HYBRID,HGV,0
2021,DIESEL/HYBRID,HMV,0
2021,DIESEL/HYBRID,HPV,0
2021,DIESEL/HYBRID,LGV,0
2021,DIESEL/HYBRID,LMV,18
2021,DIESEL/HYBRID,LPV,0
2021,DIESEL/HYBRID,MGV,0
2021,DIESEL/HYBRID,MMV,0
2021,DIESEL/HYBRID,MPV,0
2021,DIESEL/HYBRID,OTH,0
2021,DUAL DIESEL/CNG,2WIC,0
2021,DUAL DIESEL/CNG,2WN,0
2021,DUAL DIESEL/CNG,2WT,0
2021,DUAL DIESEL/CNG,3WIC,0
2021,DUAL DIESEL/CNG,3WN,0
2021,DUAL DIESEL/CNG,3WT,0
2021,DUAL DIESEL/CNG,4WIC,0
2021,DUAL DIESEL/CNG,HGV,0
2021,DUAL DIESEL/CNG,HMV,0
2021,DUAL DIESEL/CNG,HPV,0
2021,DUAL DIESEL/CNG,LGV,1
2021,DUAL DIESEL/CNG,LMV,0
2021,DUAL DIESEL/CNG,LPV,0
2021,DUAL DIESEL/CNG,MGV,0
2021,DUAL DIESEL/CNG,MMV,0
2021,DUAL DIESEL/CNG,MPV,0
2021,DUAL DIESEL/CNG,OTH,0
2021,ELECTRIC(BOV),2WIC,1
2021,ELECTRIC(BOV),2WN,8479
2021,ELECTRIC(BOV),2WT,0
2021,ELECTRIC(BOV),3WIC,0
2021,ELECTRIC(BOV),3WN,2
2021,ELECTRIC(BOV),3WT,3132
2021,ELECTRIC(BOV),4WIC,0
2021,ELECTRIC(BOV),HGV,0
2021,ELECTRIC(BOV),HMV,0
2021,ELECTRIC(BOV),HPV,0
2021,ELECTRIC(BOV),LGV,11
2021,ELECTRIC(BOV),LMV,443
2021,ELECTRIC(BOV),LPV,2
2021,ELECTRIC(BOV),MGV,0
2021,ELECTRIC(BOV),MMV,0
2021,ELECTRIC(BOV),MPV,0
2021,ELECTRIC(BOV),OTH,0
2021,LPG ONLY,2WIC,0
2021,LPG ONLY,2WN,0
2021,LPG ONLY,2WT,0
2021,LPG ONLY,3WIC,0
2021,LPG ONLY,3WN,32
2021,LPG ONLY,3WT,1453
2021,LPG ONLY,4WIC,0
2021,LPG ONLY,HGV,0
2021,LPG ONLY,HMV,0
2021,LPG ONLY,HPV,0
2021,LPG ONLY,LGV,0
2021,LPG ONLY,LMV,2
2021,LPG ONLY,LPV,1
2021,LPG ONLY,MGV,0
2021,LPG ONLY,MMV,0
2021,LPG ONLY,MPV,0
2021,LPG ONLY,OTH,0
2021,NOT APPLICABLE,2WIC,0
2021,NOT APPLICABLE,2WN,0
2021,NOT APPLICABLE,2WT,0
2021,NOT APPLICABLE,3WIC,0
2021,NOT APPLICABLE,3WN,0
2021,NOT APPLICABLE,3WT,0
2021,NOT APPLICABLE,4WIC,0
2021,NOT APPLICABLE,HGV,0
2021,NOT APPLICABLE,HMV,0
2021,NOT APPLICABLE,HPV,0
2021,NOT APPLICABLE,LGV,2
2021,NOT APPLICABLE,LMV,151
2021,NOT APPLICABLE,LPV,0
2021,NOT APPLICABLE,MGV,0
2021,NOT APPLICABLE,MMV,2
2021,NOT APPLICABLE,MPV,0
2021,NOT APPLICABLE,OTH,0
2021,PETROL,2WIC,1756
2021,PETROL,2WN,1218279
2021,PETROL,2WT,0
2021,PETROL,3WIC,0
2021,PETROL,3WN,9
2021,PETROL,3WT,305
2021,PETROL,4WIC,110
2021,PETROL,HGV,0
2021,PETROL,HMV,0
2021,PETROL,HPV,1
2021,PETROL,LGV,2213
2021,PETROL,LMV,117345
2021,PETROL,LPV,1795
2021,PETROL,MGV,0
2021,PETROL,MMV,0
2021,PETROL,MPV,0
2021,PETROL,OTH,1
2021,PETROL/CNG,2WIC,0
2021,PETROL/CNG,2WN,0
2021,PETROL/CNG,2WT,0
2021,PETROL/CNG,3WIC,0
2021,PETROL/CNG,3WN,0
2021,PETROL/CNG,3WT,21
2021,PETROL/CNG,4WIC,2
2021,PETROL/CNG,HGV,0
2021,PETROL/CNG,HMV,0
2021,PETROL/CNG,HPV,0
2021,PETROL/CNG,LGV,18
2021,PETROL/CNG,LMV,550
2021,PETROL/CNG,LPV,177
2021,PETROL/CNG,MGV,0
2021,PETROL/CNG,MMV,0
2021,PETROL/CNG,MPV,0
2021,PETROL/CNG,OTH,0
2021,PETROL/ETHANOL,2WIC,0
2021,PETROL/ETHANOL,2WN,2
2021,PETROL/ETHANOL,2WT,0
2021,PETROL/ETHANOL,3WIC,0
2021,PETROL/ETHANOL,3WN,0
2021,PETROL/ETHANOL,3WT,0
2021,PETROL/ETHANOL,4WIC,0
2021,PETROL/ETHANOL,HGV,0
2021,PETROL/ETHANOL,HMV,0
2021,PETROL/ETHANOL,HPV,0
2021,PETROL/ETHANOL,LGV,0
2021,PETROL/ETHANOL,LMV,0
2021,PETROL/ETHANOL,LPV,0
2021,PETROL/ETHANOL,MGV,0
2021,PETROL/ETHANOL,MMV,0
2021,PETROL/ETHANOL,MPV,0
2021,PETROL/ETHANOL,OTH,0
2021,PETROL/HYBRID,2WIC,0
2021,PETROL/HYBRID,2WN,0
2021,PETROL/HYBRID,2WT,0
2021,PETROL/HYBRID,3WIC,0
2021,PETROL/HYBRID,3WN,0
2021,PETROL/HYBRID,3WT,0
2021,PETROL/HYBRID,4WIC,13
2021,PETROL/HYBRID,HGV,0
2021,PETROL/HYBRID,HMV,0
2021,PETROL/HYBRID,HPV,0
2021,PETROL/HYBRID,LGV,0
2021,PETROL/HYBRID,LMV,11944
2021,PETROL/HYBRID,LPV,24
2021,PETROL/HYBRID,MGV,0
2021,PETROL/HYBRID,MMV,0
2021,PETROL/HYBRID,MPV,0
2021,PETROL/HYBRID,OTH,0
2021,PETROL/HYBRID/CNG,2WIC,0
2021,PETROL/HYBRID/CNG,2WN,0
2021,PETROL/HYBRID/CNG,2WT,0
2021,PETROL/HYBRID/CNG,3WIC,0
2021,PETROL/HYBRID/CNG,3WN,0
2021,PETROL/HYBRID/CNG,3WT,0
2021,PETROL/HYBRID/CNG,4WIC,0
2021,PETROL/HYBRID/CNG,HGV,0
2021,PETROL/HYBRID/CNG,HMV,0
2021,PETROL/HYBRID/CNG,HPV,0
2021,PETROL/HYBRID/CNG,LGV,0
2021,PETROL/HYBRID/CNG,LMV,1
2021,PETROL/HYBRID/CNG,LPV,0
2021,PETROL/HYBRID/CNG,MGV,0
2021,PETROL/HYBRID/CNG,MMV,0
2021,PETROL/HYBRID/CNG,MPV,0
2021,PETROL/HYBRID/CNG,OTH,0
2021,PETROL/LPG,2WIC,0
2021,PETROL/LPG,2WN,0
2021,PETROL/LPG,2WT,0
2021,PETROL/LPG,3WIC,0
2021,PETROL/LPG,3WN,62
2021,PETROL/LPG,3WT,2498
2021,PETROL/LPG,4WIC,1
2021,PETROL/LPG,HGV,0
2021,PETROL/LPG,HMV,0
2021,PETROL/LPG,HPV,0
2021,PETROL/LPG,LGV,7
2021,PETROL/LPG,LMV,903
2021,PETROL/LPG,LPV,187
2021,PETROL/LPG,MGV,0
2021,PETROL/LPG,MMV,0
2021,PETROL/LPG,MPV,0
2021,PETROL/LPG,OTH,0
2022,CNG ONLY,2WIC,0
2022,CNG ONLY,2WN,0
2022,CNG ONLY,2WT,0
2022,CNG ONLY,3WIC,0
2022,CNG ONLY,3WN,31
2022,CNG ONLY,3WT,2395
2022,CNG ONLY,4WIC,0
2022,CNG ONLY,HGV,34
2022,CNG ONLY,HMV,0
2022,CNG ONLY,HPV,0
2022,CNG ONLY,LGV,918
2022,CNG ONLY,LMV,6
2022,CNG ONLY,LPV,1
2022,CNG ONLY,MGV,385
2022,CNG ONLY,MMV,2
2022,CNG ONLY,MPV,1
2022,CNG ONLY,OTH,0
2022,DIESEL,2WIC,0
2022,DIESEL,2WN,0
2022,DIESEL,2WT,0
2022,DIESEL,3WIC,0
2022,DIESEL,3WN,33
2022,DIESEL,3WT,4486
2022,DIESEL,4WIC,12
2022,DIESEL,HGV,9617
2022,DIESEL,HMV,173
2022,DIESEL,HPV,285
2022,DIESEL,LGV,32913
2022,DIESEL,LMV,61994
2022,DIESEL,LPV,1972
2022,DIESEL,MGV,5573
2022,DIESEL,MMV,1501
2022,DIESEL,MPV,642
2022,DIESEL,OTH,3258
2022,DIESEL/HYBRID,2WIC,0
2022,DIESEL/HYBRID,2WN,0
2022,DIESEL/HYBRID,2WT,0
2022,DIESEL/HYBRID,3WIC,0
2022,DIESEL/HYBRID,3WN,0
2022,DIESEL/HYBRID,3WT,0
2022,DIESEL/HYBRID,4WIC,0
2022,DIESEL/HYBRID,HGV,0
2022,DIESEL/HYBRID,HMV,0
2022,DIESEL/HYBRID,HPV,0
2022,DIESEL/HYBRID,LGV,0
2022,DIESEL/HYBRID,LMV,9
2022,DIESEL/HYBRID,LPV,0
2022,DIESEL/HYBRID,MGV,0
2022,DIESEL/HYBRID,MMV,0
2022,DIESEL/HYBRID,MPV,0
2022,DIESEL/HYBRID,OTH,0
2022,ELECTRIC(BOV),2WIC,0
2022,ELECTRIC(BOV),2WN,35678
2022,ELECTRIC(BOV),2WT,0
2022,ELECTRIC(BOV),3WIC,0
2022,ELECTRIC(BOV),3WN,13
2022,ELECTRIC(BOV),3WT,1888
2022,ELECTRIC(BOV),4WIC,1
2022,ELECTRIC(BOV),HGV,0
2022,ELECTRIC(BOV),HMV,0
2022,ELECTRIC(BOV),HPV,0
2022,ELECTRIC(BOV),LGV,900
2022,ELECTRIC(BOV),LMV,1170
2022,ELECTRIC(BOV),LPV,13
2022,ELECTRIC(BOV),MGV,0
2022,ELECTRIC(BOV),MMV,0
2022,ELECTRIC(BOV),MPV,0
2022,ELECTRIC(BOV),OTH,0
2022,LPG ONLY,2WIC,0
2022,LPG ONLY,2WN,0
2022,LPG ONLY,2WT,0
2022,LPG ONLY,3WIC,0
2022,LPG ONLY,3WN,40
2022,LPG ONLY,3WT,1487
2022,LPG ONLY,4WIC,0
2022,LPG ONLY,HGV,0
2022,LPG ONLY,HMV,0
2022,LPG ONLY,HPV,0
2022,LPG ONLY,LGV,0
2022,LPG ONLY,LMV,2
2022,LPG ONLY,LPV,1
2022,LPG ONLY,MGV,0
2022,LPG ONLY,MMV,0
2022,LPG ONLY,MPV,0
2022,LPG ONLY,OTH,0
2022,NOT APPLICABLE,2WIC,0
2022,NOT APPLICABLE,2WN,0
2022,NOT APPLICABLE,2WT,0
2022,NOT APPLICABLE,3WIC,0
2022,NOT APPLICABLE,3WN,0
2022,NOT APPLICABLE,3WT,0
2022,NOT APPLICABLE,4WIC,0
2022,NOT APPLICABLE,HGV,1
2022,NOT APPLICABLE,HMV,0
2022,NOT APPLICABLE,HPV,0
2022,NOT APPLICABLE,LGV,0
2022,NOT APPLICABLE,LMV,1
2022,NOT APPLICABLE,LPV,0
2022,NOT APPLICABLE,MGV,0
2022,NOT APPLICABLE,MMV,0
2022,NOT APPLICABLE,MPV,0
2022,NOT APPLICABLE,OTH,0
2022,PETROL,2WIC,3434
2022,PETROL,2WN,1113612
2022,PETROL,2WT,0
2022,PETROL,3WIC,1
2022,PETROL,3WN,16
2022,PETROL,3WT,287
2022,PETROL,4WIC,175
2022,PETROL,HGV,0
2022,PETROL,HMV,0
2022,PETROL,HPV,1
2022,PETROL,LGV,3495
2022,PETROL,LMV,139913
2022,PETROL,LPV,2280
2022,PETROL,MGV,0
2022,PETROL,MMV,0
2022,PETROL,MPV,0
2022,PETROL,OTH,1
2022,PETROL/CNG,2WIC,0
2022,PETROL/CNG,2WN,0
2022,PETROL/CNG,2WT,0
2022,PETROL/CNG,3WIC,0
2022,PETROL/CNG,3WN,12
2022,PETROL/CNG,3WT,833
2022,PETROL/CNG,4WIC,1
2022,PETROL/CNG,HGV,0
2022,PETROL/CNG,HMV,0
2022,PETROL/CNG,HPV,0
2022,PETROL/CNG,LGV,33
2022,PETROL/CNG,LMV,2413
2022,PETROL/CNG,LPV,298
2022,PETROL/CNG,MGV,0
2022,PETROL/CNG,MMV,0
2022,PETROL/CNG,MPV,0
2022,PETROL/CNG,OTH,0
2022,PETROL/HYBRID,2WIC,0
2022,PETROL/HYBRID,2WN,0
2022,PETROL/HYBRID,2WT,0
2022,PETROL/HYBRID,3WIC,0
2022,PETROL/HYBRID,3WN,0
2022,PETROL/HYBRID,3WT,0
2022,PETROL/HYBRID,4WIC,8
2022,PETROL/HYBRID,HGV,0
2022,PETROL/HYBRID,HMV,0
2022,PETROL/HYBRID,HPV,0
2022,PETROL/HYBRID,LGV,0
2022,PETROL/HYBRID,LMV,13699
2022,PETROL/HYBRID,LPV,33
2022,PETROL/HYBRID,MGV,0
2022,PETROL/HYBRID,MMV,0
2022,PETROL/HYBRID,MPV,0
2022,PETROL/HYBRID,OTH,0
2022,PETROL/HYBRID/CNG,2WIC,0
2022,PETROL/HYBRID/CNG,2WN,0
2022,PETROL/HYBRID/CNG,2WT,0
2022,PETROL/HYBRID/CNG,3WIC,0
2022,PETROL/HYBRID/CNG,3WN,0
2022,PETROL/HYBRID/CNG,3WT,0
2022,PETROL/HYBRID/CNG,4WIC,0
2022,PETROL/HYBRID/CNG,HGV,0
2022,PETROL/HYBRID/CNG,HMV,0
2022,PETROL/HYBRID/CNG,HPV,0
2022,PETROL/HYBRID/CNG,LGV,0
2022,PETROL/HYBRID/CNG,LMV,1
2022,PETROL/HYBRID/CNG,LPV,1
2022,PETROL/HYBRID/CNG,MGV,0
2022,PETROL/HYBRID/CNG,MMV,0
2022,PETROL/HYBRID/CNG,MPV,0
2022,PETROL/HYBRID/CNG,OTH,0
2022,PETROL/LPG,2WIC,0
2022,PETROL/LPG,2WN,0
2022,PETROL/LPG,2WT,0
2022,PETROL/LPG,3WIC,0
2022,PETROL/LPG,3WN,30
2022,PETROL/LPG,3WT,1258
2022,PETROL/LPG,4WIC,0
2022,PETROL/LPG,HGV,0
2022,PETROL/LPG,HMV,0
2022,PETROL/LPG,HPV,0
2022,PETROL/LPG,LGV,5
2022,PETROL/LPG,LMV,645
2022,PETROL/LPG,LPV,149
2022,PETROL/LPG,MGV,0
2022,PETROL/LPG,MMV,0
2022,PETROL/LPG,MPV,0
2022,PETROL/LPG,OTH,0
2023,CNG ONLY,2WIC,0
2023,CNG ONLY,2WN,0
2023,CNG ONLY,2WT,0
2023,CNG ONLY,3WIC,0
2023,CNG ONLY,3WN,111
2023,CNG ONLY,3WT,13365
2023,CNG ONLY,4WIC,0
2023,CNG ONLY,HGV,171
2023,CNG ONLY,HMV,0
2023,CNG ONLY,HPV,7
2023,CNG ONLY,LGV,1611
2023,CNG ONLY,LMV,6
2023,CNG ONLY,LPV,10
2023,CNG ONLY,MGV,413
2023,CNG ONLY,MMV,1
2023,CNG ONLY,MPV,39
2023,CNG ONLY,OTH,0
2023,DIESEL,2WIC,0
2023,DIESEL,2WN,0
2023,DIESEL,2WT,0
2023,DIESEL,3WIC,0
2023,DIESEL,3WN,39
2023,DIESEL,3WT,6104
2023,DIESEL,4WIC,23
2023,DIESEL,HGV,15729
2023,DIESEL,HMV,387
2023,DIESEL,HPV,922
2023,DIESEL,LGV,44048
2023,DIESEL,LMV,71263
2023,DIESEL,LPV,3975
2023,DIESEL,MGV,6250
2023,DIESEL,MMV,1414
2023,DIESEL,MPV,1821
2023,DIESEL,OTH,3734
2023,DIESEL/HYBRID,2WIC,0
2023,DIESEL/HYBRID,2WN,0
2023,DIESEL/HYBRID,2WT,0
2023,DIESEL/HYBRID,3WIC,0
2023,DIESEL/HYBRID,3WN,0
2023,DIESEL/HYBRID,3WT,0
2023,DIESEL/HYBRID,4WIC,0
2023,DIESEL/HYBRID,HGV,0
2023,DIESEL/HYBRID,HMV,0
2023,DIESEL/HYBRID,HPV,0
2023,DIESEL/HYBRID,LGV,0
2023,DIESEL/HYBRID,LMV,123
2023,DIESEL/HYBRID,LPV,1
2023,DIESEL/HYBRID,MGV,0
2023,DIESEL/HYBRID,MMV,0
2023,DIESEL/HYBRID,MPV,0
2023,DIESEL/HYBRID,OTH,0
2023,ELECTRIC(BOV),2WIC,0
2023,ELECTRIC(BOV),2WN,65772
2023,ELECTRIC(BOV),2WT,0
2023,ELECTRIC(BOV),3WIC,0
2023,ELECTRIC(BOV),3WN,27
2023,ELECTRIC(BOV),3WT,2741
2023,ELECTRIC(BOV),4WIC,0
2023,ELECTRIC(BOV),HGV,0
2023,ELECTRIC(BOV),HMV,0
2023,ELECTRIC(BOV),HPV,0
2023,ELECTRIC(BOV),LGV,219
2023,ELECTRIC(BOV),LMV,3100
2023,ELECTRIC(BOV),LPV,15
2023,ELECTRIC(BOV),MGV,0
2023,ELECTRIC(BOV),MMV,0
2023,ELECTRIC(BOV),MPV,0
2023,ELECTRIC(BOV),OTH,0
2023,LPG ONLY,2WIC,0
2023,LPG ONLY,2WN,0
2023,LPG ONLY,2WT,0
2023,LPG ONLY,3WIC,0
2023,LPG ONLY,3WN,14
2023,LPG ONLY,3WT,1314
2023,LPG ONLY,4WIC,0
2023,LPG ONLY,HGV,0
2023,LPG ONLY,HMV,0
2023,LPG ONLY,HPV,0
2023,LPG ONLY,LGV,0
2023,LPG ONLY,LMV,0
2023,LPG ONLY,LPV,0
2023,LPG ONLY,MGV,0
2023,LPG ONLY,MMV,0
2023,LPG ONLY,MPV,0
2023,LPG ONLY,OTH,0
2023,NOT APPLICABLE,2WIC,0
2023,NOT APPLICABLE,2WN,0
2023,NOT APPLICABLE,2WT,0
2023,NOT APPLICABLE,3WIC,0
2023,NOT APPLICABLE,3WN,0
2023,NOT APPLICABLE,3WT,0
2023,NOT APPLICABLE,4WIC,0
2023,NOT APPLICABLE,HGV,1
2023,NOT APPLICABLE,HMV,0
2023,NOT APPLICABLE,HPV,0
2023,NOT APPLICABLE,LGV,1
2023,NOT APPLICABLE,LMV,2
2023,NOT APPLICABLE,LPV,0
2023,NOT APPLICABLE,MGV,0
2023,NOT APPLICABLE,MMV,0
2023,NOT APPLICABLE,MPV,0
2023,NOT APPLICABLE,OTH,0
2023,PETROL,2WIC,3387
2023,PETROL,2WN,1279804
2023,PETROL,2WT,0
2023,PETROL,3WIC,0
2023,PETROL,3WN,9
2023,PETROL,3WT,315
2023,PETROL,4WIC,228
2023,PETROL,HGV,0
2023,PETROL,HMV,0
2023,PETROL,HPV,0
2023,PETROL,LGV,2478
2023,PETROL,LMV,165755
2023,PETROL,LPV,1843
2023,PETROL,MGV,0
2023,PETROL,MMV,0
2023,PETROL,MPV,0
2023,PETROL,OTH,2
2023,PETROL/CNG,2WIC,0
2023,PETROL/CNG,2WN,1
2023,PETROL/CNG,2WT,0
2023,PETROL/CNG,3WIC,0
2023,PETROL/CNG,3WN,26
2023,PETROL/CNG,3WT,1850
2023,PETROL/CNG,4WIC,5
2023,PETROL/CNG,HGV,0
2023,PETROL/CNG,HMV,0
2023,PETROL/CNG,HPV,0
2023,PETROL/CNG,LGV,45
2023,PETROL/CNG,LMV,5682
2023,PETROL/CNG,LPV,2258
2023,PETROL/CNG,MGV,0
2023,PETROL/CNG,MMV,0
2023,PETROL/CNG,MPV,0
2023,PETROL/CNG,OTH,0
2023,PETROL(E20)/LPG,2WIC,0
2023,PETROL(E20)/LPG,2WN,0
2023,PETROL(E20)/LPG,2WT,0
2023,PETROL(E20)/LPG,3WIC,0
2023,PETROL(E20)/LPG,3WN,0
2023,PETROL(E20)/LPG,3WT,0
2023,PETROL(E20)/LPG,4WIC,0
2023,PETROL(E20)/LPG,HGV,0
2023,PETROL(E20)/LPG,HMV,0
2023,PETROL(E20)/LPG,HPV,0
2023,PETROL(E20)/LPG,LGV,0
2023,PETROL(E20)/LPG,LMV,1
2023,PETROL(E20)/LPG,LPV,0
2023,PETROL(E20)/LPG,MGV,0
2023,PETROL(E20)/LPG,MMV,0
2023,PETROL(E20)/LPG,MPV,0
2023,PETROL(E20)/LPG,OTH,0
2023,PETROL/ETHANOL,2WIC,0
2023,PETROL/ETHANOL,2WN,3275
2023,PETROL/ETHANOL,2WT,0
2023,PETROL/ETHANOL,3WIC,0
2023,PETROL/ETHANOL,3WN,0
2023,PETROL/ETHANOL,3WT,0
2023,PETROL/ETHANOL,4WIC,0
2023,PETROL/ETHANOL,HGV,0
2023,PETROL/ETHANOL,HMV,0
2023,PETROL/ETHANOL,HPV,0
2023,PETROL/ETHANOL,LGV,0
2023,PETROL/ETHANOL,LMV,0
2023,PETROL/ETHANOL,LPV,0
2023,PETROL/ETHANOL,MGV,0
2023,PETROL/ETHANOL,MMV,0
2023,PETROL/ETHANOL,MPV,0
2023,PETROL/ETHANOL,OTH,0
2023,PETROL/HYBRID,2WIC,0
2023,PETROL/HYBRID,2WN,0
2023,PETROL/HYBRID,2WT,0
2023,PETROL/HYBRID,3WIC,0
2023,PETROL/HYBRID,3WN,0
2023,PETROL/HYBRID,3WT,0
2023,PETROL/HYBRID,4WIC,12
2023,PETROL/HYBRID,HGV,0
2023,PETROL/HYBRID,HMV,0
2023,PETROL/HYBRID,HPV,0
2023,PETROL/HYBRID,LGV,0
2023,PETROL/HYBRID,LMV,18905
2023,PETROL/HYBRID,LPV,177
2023,PETROL/HYBRID,MGV,0
2023,PETROL/HYBRID,MMV,0
2023,PETROL/HYBRID,MPV,0
2023,PETROL/HYBRID,OTH,0
2023,PETROL/HYBRID/CNG,2WIC,0
2023,PETROL/HYBRID/CNG,2WN,0
2023,PETROL/HYBRID/CNG,2WT,0
2023,PETROL/HYBRID/CNG,3WIC,0
2023,PETROL/HYBRID/CNG,3WN,0
2023,PETROL/HYBRID/CNG,3WT,0
2023,PETROL/HYBRID/CNG,4WIC,0
2023,PETROL/HYBRID/CNG,HGV,0
2023,PETROL/HYBRID/CNG,HMV,0
2023,PETROL/HYBRID/CNG,HPV,0
2023,PETROL/HYBRID/CNG,LGV,0
2023,PETROL/HYBRID/CNG,LMV,1
2023,PETROL/HYBRID/CNG,LPV,0
2023,PETROL/HYBRID/CNG,MGV,0
2023,PETROL/HYBRID/CNG,MMV,0
2023,PETROL/HYBRID/CNG,MPV,0
2023,PETROL/HYBRID/CNG,OTH,0
2023,PETROL/LPG,2WIC,0
2023,PETROL/LPG,2WN,0
2023,PETROL/LPG,2WT,0
2023,PETROL/LPG,3WIC,0
2023,PETROL/LPG,3WN,14
2023,PETROL/LPG,3WT,1104
2023,PETROL/LPG,4WIC,0
2023,PETROL/LPG,HGV,0
2023,PETROL/LPG,HMV,0
2023,PETROL/LPG,HPV,0
2023,PETROL/LPG,LGV,1
2023,PETROL/LPG,LMV,238
2023,PETROL/LPG,LPV,72
2023,PETROL/LPG,MGV,0
2023,PETROL/LPG,MMV,0
2023,PETROL/LPG,MPV,0
2023,PETROL/LPG,OTH,0
2023,PURE EV,2WIC,0
2023,PURE EV,2WN,0
2023,PURE EV,2WT,0
2023,PURE EV,3WIC,0
2023,PURE EV,3WN,0
2023,PURE EV,3WT,0
2023,PURE EV,4WIC,0
2023,PURE EV,HGV,0
2023,PURE EV,HMV,0
2023,PURE EV,HPV,0
2023,PURE EV,LGV,0
2023,PURE EV,LMV,0
2023,PURE EV,LPV,5
2023,PURE EV,MGV,0
2023,PURE EV,MMV,0
2023,PURE EV,MPV,0
2023,PURE EV,OTH,0
2024,CNG ONLY,2WIC,0
2024,CNG ONLY,2WN,0
2024,CNG ONLY,2WT,0
2024,CNG ONLY,3WIC,0
2024,CNG ONLY,3WN,169
2024,CNG ONLY,3WT,30081
2024,CNG ONLY,4WIC,0
2024,CNG ONLY,HGV,150
2024,CNG ONLY,HMV,0
2024,CNG ONLY,HPV,8
2024,CNG ONLY,LGV,1441
2024,CNG ONLY,LMV,3
2024,CNG ONLY,LPV,14
2024,CNG ONLY,MGV,197
2024,CNG ONLY,MMV,1
2024,CNG ONLY,MPV,60
2024,CNG ONLY,OTH,0
2024,DIESEL,2WIC,0
2024,DIESEL,2WN,0
2024,DIESEL,2WT,0
2024,DIESEL,3WIC,0
2024,DIESEL,3WN,26
2024,DIESEL,3WT,10052
2024,DIESEL,4WIC,20
2024,DIESEL,HGV,16133
2024,DIESEL,HMV,484
2024,DIESEL,HPV,1965
2024,DIESEL,LGV,40883
2024,DIESEL,LMV,70478
2024,DIESEL,LPV,5696
2024,DIESEL,MGV,6507
2024,DIESEL,MMV,1247
2024,DIESEL,MPV,2366
2024,DIESEL,OTH,4889
2024,DIESEL/HYBRID,2WIC,0
2024,DIESEL/HYBRID,2WN,0
2024,DIESEL/HYBRID,2WT,0
2024,DIESEL/HYBRID,3WIC,0
2024,DIESEL/HYBRID,3WN,0
2024,DIESEL/HYBRID,3WT,0
2024,DIESEL/HYBRID,4WIC,0
2024,DIESEL/HYBRID,HGV,0
2024,DIESEL/HYBRID,HMV,0
2024,DIESEL/HYBRID,HPV,0
2024,DIESEL/HYBRID,LGV,0
2024,DIESEL/HYBRID,LMV,256
2024,DIESEL/HYBRID,LPV,0
2024,DIESEL/HYBRID,MGV,0
2024,DIESEL/HYBRID,MMV,0
2024,DIESEL/HYBRID,MPV,0
2024,DIESEL/HYBRID,OTH,0
2024,ELECTRIC(BOV),2WIC,0
2024,ELECTRIC(BOV),2WN,87405
2024,ELECTRIC(BOV),2WT,0
2024,ELECTRIC(BOV),3WIC,0
2024,ELECTRIC(BOV),3WN,56
2024,ELECTRIC(BOV),3WT,6113
2024,ELECTRIC(BOV),4WIC,3
2024,ELECTRIC(BOV),HGV,74
2024,ELECTRIC(BOV),HMV,0
2024,ELECTRIC(BOV),HPV,130
2024,ELECTRIC(BOV),LGV,571
2024,ELECTRIC(BOV),LMV,6463
2024,ELECTRIC(BOV),LPV,414
2024,ELECTRIC(BOV),MGV,0
2024,ELECTRIC(BOV),MMV,0
2024,ELECTRIC(BOV),MPV,0
2024,ELECTRIC(BOV),OTH,0
2024,LNG,2WIC,0
2024,LNG,2WN,0
2024,LNG,2WT,0
2024,LNG,3WIC,0
2024,LNG,3WN,0
2024,LNG,3WT,0
2024,LNG,4WIC,0
2024,LNG,HGV,67
2024,LNG,HMV,0
2024,LNG,HPV,0
2024,LNG,LGV,0
2024,LNG,LMV,0
2024,LNG,LPV,0
2024,LNG,MGV,0
2024,LNG,MMV,0
2024,LNG,MPV,0
2024,LNG,OTH,0
2024,LPG ONLY,2WIC,0
2024,LPG ONLY,2WN,0
2024,LPG ONLY,2WT,0
2024,LPG ONLY,3WIC,0
2024,LPG ONLY,3WN,17
2024,LPG ONLY,3WT,3001
2024,LPG ONLY,4WIC,0
2024,LPG ONLY,HGV,0
2024,LPG ONLY,HMV,0
2024,LPG ONLY,HPV,0
2024,LPG ONLY,LGV,0
2024,LPG ONLY,LMV,0
2024,LPG ONLY,LPV,0
2024,LPG ONLY,MGV,0
2024,LPG ONLY,MMV,0
2024,LPG ONLY,MPV,0
2024,LPG ONLY,OTH,0
2024,NOT APPLICABLE,2WIC,0
2024,NOT APPLICABLE,2WN,1
2024,NOT APPLICABLE,2WT,0
2024,NOT APPLICABLE,3WIC,0
2024,NOT APPLICABLE,3WN,0
2024,NOT APPLICABLE,3WT,0
2024,NOT APPLICABLE,4WIC,0
2024,NOT APPLICABLE,HGV,2
2024,NOT APPLICABLE,HMV,0
2024,NOT APPLICABLE,HPV,0
2024,NOT APPLICABLE,LGV,0
2024,NOT APPLICABLE,LMV,0
2024,NOT APPLICABLE,LPV,0
2024,NOT APPLICABLE,MGV,0
2024,NOT APPLICABLE,MMV,0
2024,NOT APPLICABLE,MPV,0
2024,NOT APPLICABLE,OTH,0
2024,PETROL,2WIC,6465
2024,PETROL,2WN,1225757
2024,PETROL,2WT,0
2024,PETROL,3WIC,0
2024,PETROL,3WN,14
2024,PETROL,3WT,257
2024,PETROL,4WIC,270
2024,PETROL,HGV,0
2024,PETROL,HMV,0
2024,PETROL,HPV,3
2024,PETROL,LGV,2116
2024,PETROL,LMV,174430
2024,PETROL,LPV,5707
2024,PETROL,MGV,0
2024,PETROL,MMV,0
2024,PETROL,MPV,1
2024,PETROL,OTH,11
2024,PETROL/CNG,2WIC,0
2024,PETROL/CNG,2WN,0
2024,PETROL/CNG,2WT,0
2024,PETROL/CNG,3WIC,0
2024,PETROL/CNG,3WN,2
2024,PETROL/CNG,3WT,161
2024,PETROL/CNG,4WIC,4
2024,PETROL/CNG,HGV,0
2024,PETROL/CNG,HMV,0
2024,PETROL/CNG,HPV,0
2024,PETROL/CNG,LGV,278
2024,PETROL/CNG,LMV,7767
2024,PETROL/CNG,LPV,8411
2024,PETROL/CNG,MGV,0
2024,PETROL/CNG,MMV,0
2024,PETROL/CNG,MPV,0
2024,PETROL/CNG,OTH,0
2024,PETROL(E20)/CNG,2WIC,0
2024,PETROL(E20)/CNG,2WN,0
2024,PETROL(E20)/CNG,2WT,0
2024,PETROL(E20)/CNG,3WIC,0
2024,PETROL(E20)/CNG,3WN,0
2024,PETROL(E20)/CNG,3WT,0
2024,PETROL(E20)/CNG,4WIC,0
2024,PETROL(E20)/CNG,HGV,0
2024,PETROL(E20)/CNG,HMV,0
2024,PETROL(E20)/CNG,HPV,0
2024,PETROL(E20)/CNG,LGV,0
2024,PETROL(E20)/CNG,LMV,1
2024,PETROL(E20)/CNG,LPV,0
2024,PETROL(E20)/CNG,MGV,0
2024,PETROL(E20)/CNG,MMV,0
2024,PETROL(E20)/CNG,MPV,0
2024,PETROL(E20)/CNG,OTH,0
2024,PETROL/ETHANOL,2WIC,2
2024,PETROL/ETHANOL,2WN,134350
2024,PETROL/ETHANOL,2WT,0
2024,PETROL/ETHANOL,3WIC,0
2024,PETROL/ETHANOL,3WN,0
2024,PETROL/ETHANOL,3WT,0
2024,PETROL/ETHANOL,4WIC,0
2024,PETROL/ETHANOL,HGV,0
2024,PETROL/ETHANOL,HMV,0
2024,PETROL/ETHANOL,HPV,0
2024,PETROL/ETHANOL,LGV,0
2024,PETROL/ETHANOL,LMV,0
2024,PETROL/ETHANOL,LPV,0
2024,PETROL/ETHANOL,MGV,0
2024,PETROL/ETHANOL,MMV,0
2024,PETROL/ETHANOL,MPV,0
2024,PETROL/ETHANOL,OTH,0
2024,PETROL/HYBRID,2WIC,0
2024,PETROL/HYBRID,2WN,0
2024,PETROL/HYBRID,2WT,0
2024,PETROL/HYBRID,3WIC,0
2024,PETROL/HYBRID,3WN,0
2024,PETROL/HYBRID,3WT,0
2024,PETROL/HYBRID,4WIC,22
2024,PETROL/HYBRID,HGV,0
2024,PETROL/HYBRID,HMV,0
2024,PETROL/HYBRID,HPV,0
2024,PETROL/HYBRID,LGV,0
2024,PETROL/HYBRID,LMV,24567
2024,PETROL/HYBRID,LPV,646
2024,PETROL/HYBRID,MGV,0
2024,PETROL/HYBRID,MMV,0
2024,PETROL/HYBRID,MPV,0
2024,PETROL/HYBRID,OTH,0
2024,PETROL/HYBRID/CNG,2WIC,0
2024,PETROL/HYBRID/CNG,2WN,0
2024,PETROL/HYBRID/CNG,2WT,0
2024,PETROL/HYBRID/CNG,3WIC,0
2024,PETROL/HYBRID/CNG,3WN,0
2024,PETROL/HYBRID/CNG,3WT,0
2024,PETROL/HYBRID/CNG,4WIC,0
2024,PETROL/HYBRID/CNG,HGV,0
2024,PETROL/HYBRID/CNG,HMV,0
2024,PETROL/HYBRID/CNG,HPV,0
2024,PETROL/HYBRID/CNG,LGV,0
2024,PETROL/HYBRID/CNG,LMV,1
2024,PETROL/HYBRID/CNG,LPV,2
2024,PETROL/HYBRID/CNG,MGV,0
2024,PETROL/HYBRID/CNG,MMV,0
2024,PETROL/HYBRID/CNG,MPV,0
2024,PETROL/HYBRID/CNG,OTH,0
2024,PETROL/LPG,2WIC,0
2024,PETROL/LPG,2WN,0
2024,PETROL/LPG,2WT,0
2024,PETROL/LPG,3WIC,0
2024,PETROL/LPG,3WN,2
2024,PETROL/LPG,3WT,86
2024,PETROL/LPG,4WIC,0
2024,PETROL/LPG,HGV,0
2024,PETROL/LPG,HMV,0
2024,PETROL/LPG,HPV,0
2024,PETROL/LPG,LGV,2
2024,PETROL/LPG,LMV,41
2024,PETROL/LPG,LPV,19
2024,PETROL/LPG,MGV,0
2024,PETROL/LPG,MMV,0
2024,PETROL/LPG,MPV,0
2024,PETROL/LPG,OTH,0
2024,PURE EV,2WIC,0
2024,PURE EV,2WN,0
2024,PURE EV,2WT,0
2024,PURE EV,3WIC,0
2024,PURE EV,3WN,0
2024,PURE EV,3WT,0
2024,PURE EV,4WIC,0
2024,PURE EV,HGV,0
2024,PURE EV,HMV,0
2024,PURE EV,HPV,0
2024,PURE EV,LGV,1
2024,PURE EV,LMV,0
2024,PURE EV,LPV,1
2024,PURE EV,MGV,0
2024,PURE EV,MMV,0
2024,PURE EV,MPV,0
2024,PURE EV,OTH,0
2024,STRONG HYBRID EV,2WIC,0
2024,STRONG HYBRID EV,2WN,0
2024,STRONG HYBRID EV,2WT,0
2024,STRONG HYBRID EV,3WIC,0
2024,STRONG HYBRID EV,3WN,0
2024,STRONG HYBRID EV,3WT,0
2024,STRONG HYBRID EV,4WIC,0
2024,STRONG HYBRID EV,HGV,0
2024,STRONG HYBRID EV,HMV,0
2024,STRONG HYBRID EV,HPV,0
2024,STRONG HYBRID EV,LGV,0
2024,STRONG HYBRID EV,LMV,141
2024,STRONG HYBRID EV,LPV,1
2024,STRONG HYBRID EV,MGV,0
2024,STRONG HYBRID EV,MMV,0
2024,STRONG HYBRID EV,MPV,0
2024,STRONG HYBRID EV,OTH,0
2025,CNG ONLY,2WIC,0
2025,CNG ONLY,2WN,2230
2025,CNG ONLY,2WT,0
2025,CNG ONLY,3WIC,0
2025,CNG ONLY,3WN,176
2025,CNG ONLY,3WT,29836
2025,CNG ONLY,4WIC,0
2025,CNG ONLY,HGV,141
2025,CNG ONLY,HMV,0
2025,CNG ONLY,HPV,65
2025,CNG ONLY,LGV,1667
2025,CNG ONLY,LMV,28
2025,CNG ONLY,LPV,51
2025,CNG ONLY,MGV,275
2025,CNG ONLY,MMV,1
2025,CNG ONLY,MPV,67
2025,CNG ONLY,OTH,0
2025,DIESEL,2WIC,0
2025,DIESEL,2WN,0
2025,DIESEL,2WT,0
2025,DIESEL,3WIC,0
2025,DIESEL,3WN,29
2025,DIESEL,3WT,12592
2025,DIESEL,4WIC,12
2025,DIESEL,HGV,15304
2025,DIESEL,HMV,278
2025,DIESEL,HPV,5116
2025,DIESEL,LGV,34053
2025,DIESEL,LMV,64332
2025,DIESEL,LPV,6494
2025,DIESEL,MGV,6524
2025,DIESEL,MMV,888
2025,DIESEL,MPV,2433
2025,DIESEL,OTH,5073
2025,DIESEL/HYBRID,2WIC,0
2025,DIESEL/HYBRID,2WN,0
2025,DIESEL/HYBRID,2WT,0
2025,DIESEL/HYBRID,3WIC,0
2025,DIESEL/HYBRID,3WN,0
2025,DIESEL/HYBRID,3WT,0
2025,DIESEL/HYBRID,4WIC,0
2025,DIESEL/HYBRID,HGV,0
2025,DIESEL/HYBRID,HMV,0
2025,DIESEL/HYBRID,HPV,0
2025,DIESEL/HYBRID,LGV,0
2025,DIESEL/HYBRID,LMV,342
2025,DIESEL/HYBRID,LPV,1
2025,DIESEL/HYBRID,MGV,0
2025,DIESEL/HYBRID,MMV,0
2025,DIESEL/HYBRID,MPV,0
2025,DIESEL/HYBRID,OTH,0
2025,ELECTRIC(BOV),2WIC,2
2025,ELECTRIC(BOV),2WN,61786
2025,ELECTRIC(BOV),2WT,0
2025,ELECTRIC(BOV),3WIC,0
2025,ELECTRIC(BOV),3WN,171
2025,ELECTRIC(BOV),3WT,8605
2025,ELECTRIC(BOV),4WIC,2
2025,ELECTRIC(BOV),HGV,8
2025,ELECTRIC(BOV),HMV,0
2025,ELECTRIC(BOV),HPV,22
2025,ELECTRIC(BOV),LGV,710
2025,ELECTRIC(BOV),LMV,4667
2025,ELECTRIC(BOV),LPV,396
2025,ELECTRIC(BOV),MGV,0
2025,ELECTRIC(BOV),MMV,0
2025,ELECTRIC(BOV),MPV,0
2025,ELECTRIC(BOV),OTH,0
2025,ETHANOL,2WIC,0
2025,ETHANOL,2WN,112
2025,ETHANOL,2WT,0
2025,ETHANOL,3WIC,0
2025,ETHANOL,3WN,0
2025,ETHANOL,3WT,0
2025,ETHANOL,4WIC,0
2025,ETHANOL,HGV,0
2025,ETHANOL,HMV,0
2025,ETHANOL,HPV,0
2025,ETHANOL,LGV,0
2025,ETHANOL,LMV,0
2025,ETHANOL,LPV,0
2025,ETHANOL,MGV,0
2025,ETHANOL,MMV,0
2025,ETHANOL,MPV,0
2025,ETHANOL,OTH,0
2025,LNG,2WIC,0
2025,LNG,2WN,0
2025,LNG,2WT,0
2025,LNG,3WIC,0
2025,LNG,3WN,0
2025,LNG,3WT,0
2025,LNG,4WIC,0
2025,LNG,HGV,28
2025,LNG,HMV,0
2025,LNG,HPV,0
2025,LNG,LGV,0
2025,LNG,LMV,0
2025,LNG,LPV,0
2025,LNG,MGV,0
2025,LNG,MMV,0
2025,LNG,MPV,0
2025,LNG,OTH,0
2025,LPG ONLY,2WIC,0
2025,LPG ONLY,2WN,0
2025,LPG ONLY,2WT,0
2025,LPG ONLY,3WIC,0
2025,LPG ONLY,3WN,16
2025,LPG ONLY,3WT,2133
2025,LPG ONLY,4WIC,0
2025,LPG ONLY,HGV,0
2025,LPG ONLY,HMV,0
2025,LPG ONLY,HPV,0
2025,LPG ONLY,LGV,0
2025,LPG ONLY,LMV,0
2025,LPG ONLY,LPV,0
2025,LPG ONLY,MGV,0
2025,LPG ONLY,MMV,0
2025,LPG ONLY,MPV,0
2025,LPG ONLY,OTH,0
2025,NOT APPLICABLE,2WIC,0
2025,NOT APPLICABLE,2WN,0
2025,NOT APPLICABLE,2WT,0
2025,NOT APPLICABLE,3WIC,0
2025,NOT APPLICABLE,3WN,0
2025,NOT APPLICABLE,3WT,4
2025,NOT APPLICABLE,4WIC,0
2025,NOT APPLICABLE,HGV,2
2025,NOT APPLICABLE,HMV,0
2025,NOT APPLICABLE,HPV,0
2025,NOT APPLICABLE,LGV,0
2025,NOT APPLICABLE,LMV,0
2025,NOT APPLICABLE,LPV,0
2025,NOT APPLICABLE,MGV,0
2025,NOT APPLICABLE,MMV,0
2025,NOT APPLICABLE,MPV,0
2025,NOT APPLICABLE,OTH,0
2025,PETROL,2WIC,11142
2025,PETROL,2WN,1210937
2025,PETROL,2WT,0
2025,PETROL,3WIC,4
2025,PETROL,3WN,9
2025,PETROL,3WT,232
2025,PETROL,4WIC,254
2025,PETROL,HGV,0
2025,PETROL,HMV,0
2025,PETROL,HPV,0
2025,PETROL,LGV,1694
2025,PETROL,LMV,160100
2025,PETROL,LPV,7799
2025,PETROL,MGV,0
2025,PETROL,MMV,0
2025,PETROL,MPV,0
2025,PETROL,OTH,14
2025,PETROL/CNG,2WIC,0
2025,PETROL/CNG,2WN,0
2025,PETROL/CNG,2WT,0
2025,PETROL/CNG,3WIC,0
2025,PETROL/CNG,3WN,0
2025,PETROL/CNG,3WT,2
2025,PETROL/CNG,4WIC,5
2025,PETROL/CNG,HGV,0
2025,PETROL/CNG,HMV,0
2025,PETROL/CNG,HPV,0
2025,PETROL/CNG,LGV,279
2025,PETROL/CNG,LMV,9322
2025,PETROL/CNG,LPV,18409
2025,PETROL/CNG,MGV,0
2025,PETROL/CNG,MMV,0
2025,PETROL/CNG,MPV,0
2025,PETROL/CNG,OTH,0
2025,PETROL(E20)/CNG,2WIC,0
2025,PETROL(E20)/CNG,2WN,0
2025,PETROL(E20)/CNG,2WT,0
2025,PETROL(E20)/CNG,3WIC,0
2025,PETROL(E20)/CNG,3WN,0
2025,PETROL(E20)/CNG,3WT,0
2025,PETROL(E20)/CNG,4WIC,0
2025,PETROL(E20)/CNG,HGV,0
2025,PETROL(E20)/CNG,HMV,0
2025,PETROL(E20)/CNG,HPV,0
2025,PETROL(E20)/CNG,LGV,0
2025,PETROL(E20)/CNG,LMV,0
2025,PETROL(E20)/CNG,LPV,1
2025,PETROL(E20)/CNG,MGV,0
2025,PETROL(E20)/CNG,MMV,0
2025,PETROL(E20)/CNG,MPV,0
2025,PETROL(E20)/CNG,OTH,0
2025,PETROL(E20)/LPG,2WIC,0
2025,PETROL(E20)/LPG,2WN,0
2025,PETROL(E20)/LPG,2WT,0
2025,PETROL(E20)/LPG,3WIC,0
2025,PETROL(E20)/LPG,3WN,0
2025,PETROL(E20)/LPG,3WT,0
2025,PETROL(E20)/LPG,4WIC,0
2025,PETROL(E20)/LPG,HGV,0
2025,PETROL(E20)/LPG,HMV,0
2025,PETROL(E20)/LPG,HPV,0
2025,PETROL(E20)/LPG,LGV,0
2025,PETROL(E20)/LPG,LMV,0
2025,PETROL(E20)/LPG,LPV,1
2025,PETROL(E20)/LPG,MGV,0
2025,PETROL(E20)/LPG,MMV,0
2025,PETROL(E20)/LPG,MPV,0
2025,PETROL(E20)/LPG,OTH,0
2025,PETROL/ETHANOL,2WIC,6
2025,PETROL/ETHANOL,2WN,158227
2025,PETROL/ETHANOL,2WT,0
2025,PETROL/ETHANOL,3WIC,0
2025,PETROL/ETHANOL,3WN,0
2025,PETROL/ETHANOL,3WT,0
2025,PETROL/ETHANOL,4WIC,0
2025,PETROL/ETHANOL,HGV,0
2025,PETROL/ETHANOL,HMV,0
2025,PETROL/ETHANOL,HPV,0
2025,PETROL/ETHANOL,LGV,0
2025,PETROL/ETHANOL,LMV,3138
2025,PETROL/ETHANOL,LPV,17
2025,PETROL/ETHANOL,MGV,0
2025,PETROL/ETHANOL,MMV,0
2025,PETROL/ETHANOL,MPV,0
2025,PETROL/ETHANOL,OTH,0
2025,PETROL/HYBRID,2WIC,0
2025,PETROL/HYBRID,2WN,0
2025,PETROL/HYBRID,2WT,0
2025,PETROL/HYBRID,3WIC,0
2025,PETROL/HYBRID,3WN,0
2025,PETROL/HYBRID,3WT,0
2025,PETROL/HYBRID,4WIC,17
2025,PETROL/HYBRID,HGV,0
2025,PETROL/HYBRID,HMV,0
2025,PETROL/HYBRID,HPV,0
2025,PETROL/HYBRID,LGV,0
2025,PETROL/HYBRID,LMV,19955
2025,PETROL/HYBRID,LPV,1544
2025,PETROL/HYBRID,MGV,0
2025,PETROL/HYBRID,MMV,0
2025,PETROL/HYBRID,MPV,0
2025,PETROL/HYBRID,OTH,0
2025,PETROL/HYBRID/CNG,2WIC,0
2025,PETROL/HYBRID/CNG,2WN,0
2025,PETROL/HYBRID/CNG,2WT,0
2025,PETROL/HYBRID/CNG,3WIC,0
2025,PETROL/HYBRID/CNG,3WN,0
2025,PETROL/HYBRID/CNG,3WT,0
2025,PETROL/HYBRID/CNG,4WIC,0
2025,PETROL/HYBRID/CNG,HGV,0
2025,PETROL/HYBRID/CNG,HMV,0
2025,PETROL/HYBRID/CNG,HPV,0
2025,PETROL/HYBRID/CNG,LGV,0
2025,PETROL/HYBRID/CNG,LMV,0
2025,PETROL/HYBRID/CNG,LPV,3
2025,PETROL/HYBRID/CNG,MGV,0
2025,PETROL/HYBRID/CNG,MMV,0
2025,PETROL/HYBRID/CNG,MPV,0
2025,PETROL/HYBRID/CNG,OTH,0
2025,PETROL/LPG,2WIC,0
2025,PETROL/LPG,2WN,0
2025,PETROL/LPG,2WT,0
2025,PETROL/LPG,3WIC,0
2025,PETROL/LPG,3WN,0
2025,PETROL/LPG,3WT,1
2025,PETROL/LPG,4WIC,0
2025,PETROL/LPG,HGV,0
2025,PETROL/LPG,HMV,0
2025,PETROL/LPG,HPV,0
2025,PETROL/LPG,LGV,0
2025,PETROL/LPG,LMV,6
2025,PETROL/LPG,LPV,18
2025,PETROL/LPG,MGV,0
2025,PETROL/LPG,MMV,0
2025,PETROL/LPG,MPV,0
2025,PETROL/LPG,OTH,0
2025,PLUG-IN HYBRID EV,2WIC,0
2025,PLUG-IN HYBRID EV,2WN,0
2025,PLUG-IN HYBRID EV,2WT,0
2025,PLUG-IN HYBRID EV,3WIC,0
2025,PLUG-IN HYBRID EV,3WN,0
2025,PLUG-IN HYBRID EV,3WT,0
2025,PLUG-IN HYBRID EV,4WIC,0
2025,PLUG-IN HYBRID EV,HGV,0
2025,PLUG-IN HYBRID EV,HMV,0
2025,PLUG-IN HYBRID EV,HPV,0
2025,PLUG-IN HYBRID EV,LGV,0
2025,PLUG-IN HYBRID EV,LMV,4
2025,PLUG-IN HYBRID EV,LPV,0
2025,PLUG-IN HYBRID EV,MGV,0
2025,PLUG-IN HYBRID EV,MMV,0
2025,PLUG-IN HYBRID EV,MPV,0
2025,PLUG-IN HYBRID EV,OTH,0
2025,PURE EV,2WIC,1
2025,PURE EV,2WN,57049
2025,PURE EV,2WT,0
2025,PURE EV,3WIC,0
2025,PURE EV,3WN,11
2025,PURE EV,3WT,631
2025,PURE EV,4WIC,2
2025,PURE EV,HGV,33
2025,PURE EV,HMV,0
2025,PURE EV,HPV,15
2025,PURE EV,LGV,118
2025,PURE EV,LMV,3307
2025,PURE EV,LPV,175
2025,PURE EV,MGV,0
2025,PURE EV,MMV,0
2025,PURE EV,MPV,0
2025,PURE EV,OTH,0
2025,STRONG HYBRID EV,2WIC,0
2025,STRONG HYBRID EV,2WN,0
2025,STRONG HYBRID EV,2WT,0
2025,STRONG HYBRID EV,3WIC,0
2025,STRONG HYBRID EV,3WN,0
2025,STRONG HYBRID EV,3WT,0
2025,STRONG HYBRID EV,4WIC,4
2025,STRONG HYBRID EV,HGV,0
2025,STRONG HYBRID EV,HMV,0
2025,STRONG HYBRID EV,HPV,0
2025,STRONG HYBRID EV,LGV,0
2025,STRONG HYBRID EV,LMV,5644
2025,STRONG HYBRID EV,LPV,43
2025,STRONG HYBRID EV,MGV,0
2025,STRONG HYBRID EV,MMV,0
2025,STRONG HYBRID EV,MPV,0
2025,STRONG HYBRID EV,OTH,0
